,obs_2_in_lawn,obs_2_x,obs_2_y,obs_2_t,obs_2_z,obs_2_speed,obs_3_in_lawn,obs_3_x,obs_3_y,obs_3_t,obs_3_z,obs_3_speed,obs_4_in_lawn,obs_4_x,obs_4_y,obs_4_t,obs_4_z,obs_4_speed,obs_5_in_lawn,obs_5_x,obs_5_y,obs_5_t,obs_5_z,obs_5_speed
1,FALSE,574.9913673292520,363.1111699543540,0.0,0.0,680.0476411611040,FALSE,122.21367733646000,319.76945425401000,0.0,0.0,342.32833187162300,TRUE,656.7857339077590,369.5990871306470,0.0,0.0,753.6384978705390,FALSE,210.41240865631300,601.1446027475350,0.0,0.0,636.9051853526110
2,FALSE,574.2931426642530,362.70616540461300,1.0,0.0,679.241029483424,FALSE,121.7351774046950,317.909570450484,1.0,0.0,340.4202526316020,TRUE,656.5759771425550,369.0558228991570,1.0,0.0,753.1893614334140,FALSE,208.06198146397100,597.7462512220730,1.0,0.0,632.9220876069630
3,FALSE,573.8351997949460,362.60023387706500,2.0,0.0,678.7972938450830,FALSE,121.6125441163850,316.9482114139480,2.0,0.0,339.47868799817200,TRUE,656.5469624371720,368.82545182421800,2.0,0.0,753.0512119363570,FALSE,206.9833410333980,595.919044070066,2.0,0.0,630.841985405798
4,FALSE,573.2518928699020,362.3859697831050,3.0,0.0,678.1897402457270,FALSE,121.33733936022800,315.7227845577690,3.0,0.0,338.2360516147420,TRUE,656.3746900664970,368.6520303385040,3.0,0.0,752.816081943386,FALSE,206.48292196410000,595.2056078154360,3.0,0.0,630.0038989068040
5,FALSE,572.7902683730780,362.18220378692100,4.0,0.0,677.6906671062060,FALSE,121.3613658582950,314.6066562701850,4.0,0.0,337.20309798769200,TRUE,656.2369912269390,368.2008928473820,4.0,0.0,752.475173110844,FALSE,205.1867799867620,593.7101157151550,4.0,0.0,628.1666309060340
6,FALSE,571.6545128381950,361.5493873004250,5.0,0.0,676.392520290982,FALSE,121.0501355434490,312.7331405048390,5.0,0.0,335.3433352328720,TRUE,656.02601079699,367.82501094704400,5.0,0.0,752.1072832518010,FALSE,203.0351716128520,591.7002432555050,5.0,0.0,625.5657110012380
7,FALSE,571.2228409557500,361.52060687212100,6.0,0.0,676.0123395491720,FALSE,120.56144108522900,311.0521919510570,6.0,0.0,333.599351309478,TRUE,655.7035281679890,367.10848340701900,6.0,0.0,751.4757184642430,FALSE,200.63289944976300,589.3242749993440,6.0,0.0,622.5404898037730
8,FALSE,570.9931776751670,361.3868188529800,7.0,0.0,675.7467290281630,FALSE,120.5371524004200,311.03015517177700,7.0,0.0,333.57002643370400,TRUE,655.3140753346650,365.9213861972460,7.0,0.0,750.5564590410510,FALSE,199.97120604710100,588.739727891712,7.0,0.0,621.7740348759660
9,FALSE,570.4276175118850,361.23530015119200,8.0,0.0,675.1878323071340,FALSE,120.11908562555600,309.80718069575900,8.0,0.0,332.27862396214200,TRUE,655.0997949375200,365.34306132857300,8.0,0.0,750.0875240850990,FALSE,200.5610755114050,589.1838684635950,8.0,0.0,622.384427719732
10,FALSE,569.0727078124850,360.66608226606300,9.0,0.0,673.7386508685580,FALSE,119.25776242183800,307.64827407796800,9.0,0.0,329.9543520564870,TRUE,655.271180270379,365.9471438148980,9.0,0.0,750.5315661311100,FALSE,201.15138037936400,589.6847601094500,9.0,0.0,623.0489500303030
11,FALSE,567.5116831111340,360.22590768332500,10.0,0.0,672.1846584339070,FALSE,118.79321595903700,306.37061932561400,10.0,0.0,328.5951681687520,TRUE,655.2597842001340,365.8570503985100,10.0,0.0,750.4776919511360,FALSE,201.63589264542900,589.8318326555760,10.0,0.0,623.3447072180480
12,FALSE,568.1533172158580,360.5092254772740,11.0,0.0,672.8782159630420,FALSE,118.22412255041700,305.01509976647300,11.0,0.0,327.1255939824450,TRUE,655.1116712836310,365.6163591897790,11.0,0.0,750.231047050988,FALSE,201.93865059479800,589.3726223924390,11.0,0.0,623.0082717185930
13,FALSE,570.8684606435430,361.3946061983970,12.0,0.0,675.6455141172940,FALSE,117.28893562191800,303.26597390993000,12.0,0.0,325.15680117577200,TRUE,655.0488188877890,365.37411041115100,12.0,0.0,750.0581282040930,FALSE,202.21935299009300,588.2474591800020,12.0,0.0,622.0351597421650
14,FALSE,573.4050640957850,362.4729831885330,13.0,0.0,678.3657059966150,FALSE,116.43292792039300,301.48107750687400,13.0,0.0,323.18333310803800,TRUE,654.6729908847800,364.49012960258000,13.0,0.0,749.2995259385450,FALSE,202.19039545923,586.4071163026490,13.0,0.0,620.2856294211150
15,FALSE,575.1867060062480,363.3721247090620,14.0,0.0,680.3521498326400,FALSE,114.85702655017300,298.4043430644340,14.0,0.0,319.7456622186820,TRUE,654.0820095599640,363.27632120985200,14.0,0.0,748.1931306699930,FALSE,201.82767840716800,584.0132433852260,14.0,0.0,617.9044264451900
16,FALSE,576.3968856835660,364.2528690405270,15.0,0.0,681.8456734701560,FALSE,113.80894075298300,295.8729513787650,15.0,0.0,317.0067481188640,TRUE,653.9472413254190,362.8997993888050,15.0,0.0,747.8925449779270,FALSE,201.67790206921400,582.0805434316200,15.0,0.0,616.0290051813220
17,FALSE,578.1494746772250,366.6368961894210,16.0,0.0,684.6016569633500,FALSE,113.31390801356100,294.32532121521900,16.0,0.0,315.3845850033700,TRUE,653.0551261288570,361.1063329458310,16.0,0.0,746.243111497026,FALSE,201.83854974277600,579.3278296544040,16.0,0.0,613.4814865783230
18,FALSE,579.1253240027400,368.27762067007600,17.0,0.0,686.3049954558760,FALSE,112.47528615062000,292.0317932116750,17.0,0.0,312.9428993300380,TRUE,652.5811347794960,360.2687132246210,17.0,0.0,745.4231571386950,FALSE,202.26296439100300,576.9623750929710,17.0,0.0,611.3884927254990
19,FALSE,579.8621973956570,369.4865727938070,18.0,0.0,687.575810688125,FALSE,112.20471821952900,290.5437487647390,18.0,0.0,311.4571699880930,TRUE,651.9689509970900,359.04776324300300,18.0,0.0,744.297527440505,FALSE,202.81192203369800,574.27831317977,18.0,0.0,609.0387973746870
20,FALSE,580.4583498784400,370.45449718486300,19.0,0.0,688.5988893601930,FALSE,111.66818601209200,287.99825029836700,19.0,0.0,308.88958535721400,TRUE,651.6351333277290,358.4182404633500,19.0,0.0,743.7015409987330,FALSE,203.35340222177200,571.9965264855860,19.0,0.0,607.0688861296920
21,FALSE,581.2233122735080,371.1395890700290,20.0,0.0,689.6123065210310,FALSE,111.28755439390700,285.69412278869100,20.0,0.0,306.604063180801,TRUE,651.3395542373100,357.77536075880800,20.0,0.0,743.1328438981500,FALSE,203.82843183693400,570.1258403961930,20.0,0.0,605.4663520895020
22,FALSE,582.2716342328950,372.5521207398980,21.0,0.0,691.2563480359820,FALSE,111.0246345740420,283.94236614120800,21.0,0.0,304.87659269312100,TRUE,650.8836662344520,356.94403353968600,21.0,0.0,742.3332068891850,FALSE,203.76834141246700,569.4201384923850,21.0,0.0,604.7816391745650
23,FALSE,583.9592150004620,373.83643164890000,22.0,0.0,693.3700616640000,FALSE,110.6575015464690,280.73465114119400,22.0,0.0,301.7565691080720,TRUE,650.3174294864820,355.6562731387240,22.0,0.0,741.2180136213850,FALSE,203.82835651109600,567.8624843154160,22.0,0.0,603.3355616992020
24,FALSE,585.5155645752870,374.7238535099440,23.0,0.0,695.1592930755210,FALSE,110.88270201184800,278.07986831809400,23.0,0.0,299.37165324936300,TRUE,649.3433096332730,354.3863093266540,23.0,0.0,739.7542767728070,FALSE,204.15929944526200,565.8217697124490,23.0,0.0,601.5274678936190
25,FALSE,586.1572237395900,374.97791080871100,24.0,0.0,695.8367082416460,FALSE,111.62529579539700,275.95928394123200,24.0,0.0,297.6805889788040,TRUE,649.111974800784,353.9593565373870,24.0,0.0,739.3467264485150,FALSE,204.85624724134100,563.7883585167870,24.0,0.0,599.8528113069560
26,FALSE,585.9061124484740,375.0704294431000,25.0,0.0,695.6750675761750,FALSE,112.59945288956200,272.8718326701750,25.0,0.0,295.1909108624600,TRUE,648.81648845551,353.2489820504070,25.0,0.0,738.7473715766360,FALSE,206.3353919864420,560.9236864890540,25.0,0.0,597.6702067617800
27,FALSE,584.8420736800620,374.56498215461200,26.0,0.0,694.5064268981820,FALSE,113.4630873748800,271.0703898426710,26.0,0.0,293.85885803578800,TRUE,648.401085896581,352.4000143777190,26.0,0.0,737.9767871181870,FALSE,207.4472007184980,558.7884786324780,26.0,0.0,596.0527702631200
28,FALSE,584.6220956002580,374.6426753728970,27.0,0.0,694.3631102489530,FALSE,115.39693858315900,268.2859782070920,27.0,0.0,292.05105638723700,TRUE,648.2790017922180,351.89944140922500,27.0,0.0,737.6305857465780,FALSE,208.6513020972910,556.7522734248760,27.0,0.0,594.5657741837000
29,FALSE,585.0587238677180,375.09572776429600,28.0,0.0,694.975190464199,FALSE,116.8518102444190,266.6291083071840,28.0,0.0,291.1106781862900,TRUE,647.891432008502,351.46923645519900,28.0,0.0,737.0847521448450,FALSE,209.61094502234100,555.2273277887160,28.0,0.0,593.4763127510290
30,FALSE,584.9138682033790,375.96051961477100,29.0,0.0,695.3204624672350,FALSE,117.85549319324200,265.60812015325200,29.0,0.0,290.58147010290800,TRUE,647.8628496053870,351.3450705816040,29.0,0.0,737.0004277616150,FALSE,210.99772065340600,553.0041151326450,29.0,0.0,591.8898457268660
31,FALSE,585.0480775841960,377.2708420484670,30.0,0.0,696.1426156650110,FALSE,118.91877631599000,264.52139346125500,30.0,0.0,290.0228317894580,TRUE,647.8382258077640,351.0432744968800,30.0,0.0,736.8349526096350,FALSE,212.0746555790950,551.0627731647000,30.0,0.0,590.4623946594400
32,FALSE,585.4757508140550,378.2485246068930,31.0,0.0,697.0321378233380,FALSE,120.3148825594960,263.31367770952400,31.0,0.0,289.49916033422300,TRUE,647.7442860338330,350.81168181026900,31.0,0.0,736.6420407389400,FALSE,213.05203261001100,548.6637707261960,31.0,0.0,588.5771843239800
33,FALSE,585.7844420335100,378.8196193680790,32.0,0.0,697.6014023399650,FALSE,121.99075952565600,261.5885046191040,32.0,0.0,288.63522161805800,TRUE,647.5468766476800,350.6131874207570,32.0,0.0,736.3739299089210,FALSE,213.56896759589500,547.5607583238320,32.0,0.0,587.7367505747340
34,FALSE,586.3449331809290,379.530035479461,33.0,0.0,698.4578931460290,FALSE,123.54653686716800,260.1313636579510,33.0,0.0,287.9792928847760,TRUE,647.3888787452170,350.64252151543400,33.0,0.0,736.2489648330190,FALSE,214.1218124775330,546.2453481539310,33.0,0.0,586.7129885714760
35,FALSE,587.3500584481910,380.1726903550390,34.0,0.0,699.6508884085560,FALSE,125.4402350768040,258.5511735827780,34.0,0.0,287.3742541306640,TRUE,647.0403241236600,349.3796746363200,34.0,0.0,735.3416471892720,FALSE,216.0312362001950,543.4402676293350,34.0,0.0,584.8049414080110
36,FALSE,587.7067960870390,380.5776116199740,35.0,0.0,700.1704054251770,FALSE,127.35967965194500,257.2395515394980,35.0,0.0,287.041242467503,TRUE,646.6892031161020,348.7799004046230,35.0,0.0,734.7478100363400,FALSE,217.26876565707900,541.9871422927930,35.0,0.0,583.914187994143
37,FALSE,590.2217666147350,381.49845689742100,36.0,0.0,702.7821898717490,FALSE,129.86290029754200,255.92503292298100,36.0,0.0,286.9877965181060,TRUE,646.5569143267260,348.18807947800800,36.0,0.0,734.3505853162240,FALSE,218.9966460252620,540.025017458954,36.0,0.0,582.7405515766490
38,TRUE,595.0061919552240,381.4724568892140,37.0,0.0,706.7910609438620,FALSE,132.35268817209500,255.05965979469700,37.0,0.0,287.35459648484200,TRUE,646.0179094924000,346.63607454252200,37.0,0.0,733.1409875045730,FALSE,219.0529502648300,538.6035021156060,37.0,0.0,581.4446899842860
39,TRUE,597.3070632726510,381.08669929362100,38.0,0.0,708.5215594559600,FALSE,134.0758840167600,254.98854288876700,38.0,0.0,288.08939529148300,TRUE,645.5937708910620,345.12671963867400,38.0,0.0,732.054485418874,FALSE,217.8633985023520,537.0709402527770,38.0,0.0,579.5771348759340
40,TRUE,598.0286567344250,380.87004549412400,39.0,0.0,709.0135864920200,FALSE,135.35443053055100,255.3087986102820,39.0,0.0,288.96955637588400,TRUE,645.4828839377770,344.5929476975560,39.0,0.0,731.7051681241020,FALSE,216.95176862622000,535.5315260998510,39.0,0.0,577.8080004265090
41,TRUE,598.5273892089970,380.60266511036200,40.0,0.0,709.290789678288,FALSE,137.72935298661000,255.76705259152300,40.0,0.0,290.4929600962220,TRUE,645.4254226737850,343.85182596390300,40.0,0.0,731.3057188702580,FALSE,216.1331143518480,533.981875329084,40.0,0.0,576.0643768706710
42,TRUE,599.1192542942870,380.44461887925200,41.0,0.0,709.7055649354330,FALSE,141.05763608071600,256.11265640233500,41.0,0.0,292.3883538483360,TRUE,645.3884543548210,343.6647564272490,41.0,0.0,731.1851487993350,FALSE,215.43344463808300,532.9255306992150,41.0,0.0,574.8227468878300
43,TRUE,599.3596596432080,380.2893016720420,42.0,0.0,709.8252986290580,FALSE,143.786922970275,256.800177508268,42.0,0.0,294.31447532450300,TRUE,645.1978417425610,342.8484954109390,42.0,0.0,730.6335235908650,FALSE,214.3766694755290,531.2945983607690,42.0,0.0,572.9147464176070
44,TRUE,600.2330824052780,380.01423206178500,43.0,0.0,710.4157724764070,FALSE,145.26107803217700,257.12420191980000,43.0,0.0,295.31954897020300,TRUE,644.9586554601570,341.75159620200400,43.0,0.0,729.9080906248340,FALSE,212.88779934899700,528.9814304298790,43.0,0.0,570.2127399938550
45,TRUE,600.704844410945,379.9352138869460,44.0,0.0,710.7721694397560,FALSE,147.52762180247800,257.8421922574450,44.0,0.0,297.0639582696300,TRUE,644.8388242899050,340.74019518474100,44.0,0.0,729.3291368964510,FALSE,211.8921481374410,526.9720690657800,44.0,0.0,567.9769749010680
46,TRUE,601.0237123448690,379.5634416248300,45.0,0.0,710.8430973280210,FALSE,150.9592993635300,259.24502760831600,45.0,0.0,299.9944906226860,TRUE,644.7871458570290,340.0271696728210,45.0,0.0,728.9505741668380,FALSE,211.14652972272500,525.813025006739,45.0,0.0,566.6235031135640
47,TRUE,601.9266768933950,379.0036303038100,46.0,0.0,711.3082848803280,FALSE,152.53895050876700,260.34617755382900,46.0,0.0,301.7420480960620,TRUE,644.5812025365210,338.7084305443880,46.0,0.0,728.1540548436640,FALSE,210.68443594413700,524.9488259168070,46.0,0.0,565.6493625741420
48,TRUE,602.3695008562770,378.46807733451300,47.0,0.0,711.3979906656500,FALSE,153.95457486376000,260.93463050393700,47.0,0.0,302.9668175191920,TRUE,644.5854849560590,338.5435240691680,47.0,0.0,728.0811528292770,FALSE,209.96038330905400,523.4854595490220,47.0,0.0,564.0216209672600
49,TRUE,602.5611628254520,378.43947100809800,48.0,0.0,711.5450710689020,FALSE,155.7573328255430,262.365519816074,48.0,0.0,305.116392082244,TRUE,644.5455067748990,337.16714300190100,48.0,0.0,727.4067587146660,FALSE,209.42811961510200,521.8010198647690,48.0,0.0,562.2601191774410
50,TRUE,602.9286702502040,378.1138706363890,49.0,0.0,711.683272655267,FALSE,158.33736057200100,264.4245746948850,49.0,0.0,308.2062222854670,TRUE,644.4501074446180,337.2136243276180,49.0,0.0,727.3437766404190,FALSE,208.904082990594,519.6621301775590,49.0,0.0,560.0800348439670
51,TRUE,603.0292669841260,377.9713795973900,50.0,0.0,711.692813392243,FALSE,159.72697296396100,265.8748538250960,50.0,0.0,310.16470429232600,TRUE,644.5031421421130,337.66430633828900,50.0,0.0,727.5998103394310,FALSE,208.55524750182100,517.3119955068170,50.0,0.0,557.7696585112810
52,TRUE,603.3552353882810,377.6133189260700,51.0,0.0,711.7790097360350,FALSE,161.19535482021200,267.2178902418080,51.0,0.0,312.07265705424600,TRUE,644.4616488079970,337.1131415934990,51.0,0.0,727.3074226345830,FALSE,208.5296641751480,516.1458092742940,51.0,0.0,556.6786481197350
53,TRUE,603.4470519023490,377.52904257303400,52.0,0.0,711.8121398485340,FALSE,162.83890846253700,269.2319508839730,52.0,0.0,314.6463943636740,TRUE,644.2275666761400,336.07539923050800,52.0,0.0,726.6194544831610,FALSE,208.37489485530900,514.6375011165350,52.0,0.0,555.2223467777860
54,TRUE,603.5814268060100,377.5196027058870,53.0,0.0,711.9210554635880,FALSE,163.84448210367900,270.64376179682,53.0,0.0,316.3748727622920,TRUE,644.0797139443630,335.58793310640400,53.0,0.0,726.262995588568,FALSE,208.4294859794360,515.7174626265110,53.0,0.0,556.2439679525330
55,TRUE,603.7332885968770,377.2619280535230,54.0,0.0,711.9132293465700,FALSE,164.45404545685300,271.49596817956000,54.0,0.0,317.4195863598860,TRUE,643.7105540176500,334.3060534077690,54.0,0.0,725.3439285599540,FALSE,208.70997249987300,517.9389087589630,54.0,0.0,558.4089593007290
56,TRUE,603.9337729507850,377.1603747996610,55.0,0.0,712.0294589619110,FALSE,166.06591543646700,272.9421760416850,55.0,0.0,319.4922843076530,TRUE,643.5528787072340,334.04386528878300,55.0,0.0,725.083175662929,FALSE,209.2296446337530,520.8564998458880,55.0,0.0,561.3096628646940
57,TRUE,604.3011661799580,376.5918065245340,56.0,0.0,712.0402293324930,FALSE,168.34119943354700,274.4154788553610,56.0,0.0,321.93573032849700,TRUE,643.4456472511110,333.7497368960160,56.0,0.0,724.8525283425320,FALSE,209.33863253235200,524.0670135400430,56.0,0.0,564.3304862855580
58,TRUE,605.3124200875610,375.45544463418300,57.0,0.0,712.299036092084,FALSE,170.75042109350500,275.9780571693890,57.0,0.0,324.5298050142690,TRUE,643.3357624595940,333.4018685124350,57.0,0.0,724.5948586534760,FALSE,209.32021117159100,525.8315020756250,57.0,0.0,565.9626483965420
59,TRUE,605.6713733069890,374.84751212309500,58.0,0.0,712.28398113986,FALSE,172.34630034116800,277.27796268491500,58.0,0.0,326.4755976056780,TRUE,643.221687939174,333.043357312578,58.0,0.0,724.3286668946310,FALSE,209.31008302399400,527.5143141866250,58.0,0.0,567.5227418591230
60,TRUE,606.3385144391520,373.869615243056,59.0,0.0,712.3376188958910,FALSE,173.9247611992330,278.75148608495400,59.0,0.0,328.5608216948280,TRUE,642.9015205115150,331.9870072755490,59.0,0.0,723.5590771151960,FALSE,209.4610261964270,527.4539256489290,59.0,0.0,567.5223036830590
61,TRUE,606.726207384151,373.5060992019270,60.0,0.0,712.4770149750770,FALSE,175.1264000353410,280.18829470447800,60.0,0.0,330.4160051794440,TRUE,642.2271145500690,330.0202328256030,60.0,0.0,722.0588762265670,FALSE,209.2780744974470,525.6706250392240,60.0,0.0,565.7975949882500
62,TRUE,607.3125119280200,372.5014172689840,61.0,0.0,712.450554783785,FALSE,175.8027105903960,281.2232470508010,61.0,0.0,331.65208838891200,TRUE,640.9305472648240,327.75741036930500,61.0,0.0,719.8728265945180,FALSE,209.17529485809900,523.4935522764810,61.0,0.0,563.7373530767870
63,TRUE,607.9603038587940,371.39820196502200,62.0,0.0,712.4270878419270,FALSE,174.85298401409100,279.96008708579700,62.0,0.0,330.0775914534620,TRUE,639.6638137650910,325.46868030412600,62.0,0.0,717.7044353349160,FALSE,208.65706650452900,522.7914777082300,62.0,0.0,562.8931519983440
64,TRUE,609.1773920043000,369.37505307612500,63.0,0.0,712.4149245798760,FALSE,177.02324627272200,283.3521187076420,63.0,0.0,334.10425453298600,FALSE,638.4494093133180,323.89561955792500,63.0,0.0,715.9092265234030,FALSE,207.18821117736200,520.7860719375370,63.0,0.0,560.4864740339450
65,TRUE,609.7257615669170,367.9605474026210,64.0,0.0,712.1519983565260,FALSE,178.2087359181590,285.09411903382100,64.0,0.0,336.20977122210200,FALSE,637.4791291175670,322.34974005178800,64.0,0.0,714.3451511503010,FALSE,205.32365847785100,518.6398952652480,64.0,0.0,557.8038595164760
66,TRUE,610.2329572000140,366.0606232050130,65.0,0.0,711.6070839405100,FALSE,180.0584407379970,287.269363238467,65.0,0.0,339.0349969198360,FALSE,636.5455042244100,320.94269933352900,65.0,0.0,712.8775457284370,FALSE,204.94257175062600,518.3408525660030,65.0,0.0,557.3855910898760
67,TRUE,610.4251813622610,364.6517105503420,66.0,0.0,711.0483612585290,FALSE,182.11647181235500,289.8076843518440,66.0,0.0,342.27898447722200,FALSE,635.0710649357350,318.53002536318600,66.0,0.0,710.4763434319820,FALSE,204.0811059102980,517.5174751386010,66.0,0.0,556.3033658566180
68,TRUE,610.5955335484870,363.10766130771400,67.0,0.0,710.404166154534,FALSE,183.15451811571500,291.05590021037200,67.0,0.0,343.8882297396500,FALSE,633.4662282330120,315.6964685715810,67.0,0.0,707.7737792404610,FALSE,203.22523238913800,516.5524699704690,67.0,0.0,555.0918386287180
69,TRUE,610.8310802041300,361.9581041495800,68.0,0.0,710.0199135960220,FALSE,184.36221904481600,292.7508137399550,68.0,0.0,345.9659907513080,FALSE,632.5140129166650,314.34655253508200,68.0,0.0,706.3198507946910,FALSE,201.66730270444600,514.9929172659060,68.0,0.0,553.0708867895100
70,TRUE,610.8395587086740,360.6830344649520,69.0,0.0,709.3780500087760,FALSE,185.37326261823100,294.88460983054500,69.0,0.0,348.31046439726800,FALSE,631.7166707242990,313.85383323538500,69.0,0.0,705.3865470134350,FALSE,199.21661584796000,512.9448254395580,69.0,0.0,550.2723452756210
71,TRUE,610.6386467828250,358.3381338596580,70.0,0.0,708.0153777445670,FALSE,185.68409367152400,296.7702639411400,70.0,0.0,350.0730955133650,FALSE,630.61552081724,313.3392651877260,70.0,0.0,704.171449438262,FALSE,197.90916865330700,511.8605583305920,70.0,0.0,548.7889122527430
72,TRUE,610.1848150175650,355.6065198919870,71.0,0.0,706.24464986838,FALSE,186.0439395781650,298.98493096824100,71.0,0.0,352.1424944533790,FALSE,628.761358104168,312.7773247617640,71.0,0.0,702.2609916050610,FALSE,197.50116201387500,511.6377952897730,71.0,0.0,548.4340822430810
73,TRUE,609.3927654635400,352.6730759189750,72.0,0.0,704.0865295384180,FALSE,186.2623782684910,300.58477937429400,72.0,0.0,353.616859255505,FALSE,626.8966609933600,312.68860483320000,72.0,0.0,700.5523443377780,FALSE,196.81203125286200,511.0965618856740,72.0,0.0,547.6811766139440
74,TRUE,608.4840332644740,350.394870105987,73.0,0.0,702.1605113749940,FALSE,187.00111502882100,303.08570810777000,73.0,0.0,356.1325083184780,FALSE,625.241132469294,312.7258249160550,73.0,0.0,699.0879167178560,FALSE,193.80866066841300,509.22369217304900,73.0,0.0,544.8582986616200
75,TRUE,607.9266523474540,348.18512861377800,74.0,0.0,700.5766898935300,FALSE,187.6321129656350,305.7241244078210,74.0,0.0,358.71025920773100,FALSE,623.7531080761720,312.4848475126660,74.0,0.0,697.6494246824110,FALSE,190.89260585472000,507.05919902452000,74.0,0.0,541.8016410877630
76,TRUE,607.120826993949,347.22339417470000,75.0,0.0,699.3995882412400,FALSE,187.97754099106400,308.2154011735050,75.0,0.0,361.01563600153400,FALSE,621.2887116339220,311.6827160303680,75.0,0.0,695.0868857026480,FALSE,189.45468991608600,505.68601366594300,75.0,0.0,540.0105776265430
77,TRUE,606.5575403620360,346.4091176370710,76.0,0.0,698.5064971438250,FALSE,188.20677482481700,309.6763137925930,76.0,0.0,362.3826836565570,FALSE,619.5427065678510,311.0383655914580,76.0,0.0,693.2373548296600,FALSE,189.1012161313110,505.3813854496070,76.0,0.0,539.6013479424460
78,TRUE,605.9684711635390,345.4600603393260,77.0,0.0,697.5245094861740,FALSE,188.18476482500600,311.05236912842600,77.0,0.0,363.5479088822400,FALSE,617.3146361724720,310.3713277235150,77.0,0.0,690.9469741634370,FALSE,187.84429828243700,504.3040521707890,77.0,0.0,538.1524481344470
79,TRUE,605.3324838892980,344.44433669607900,78.0,0.0,696.469178882734,FALSE,187.2660047741420,314.552650114526,78.0,0.0,366.0763939919380,FALSE,614.7717794484990,310.0149293659170,78.0,0.0,688.515502538634,FALSE,185.66101050112900,502.8507593053630,78.0,0.0,536.0306865789320
80,TRUE,605.0617627115880,343.8773163158550,79.0,0.0,695.9535511600240,FALSE,185.70416304213500,317.64268584952600,79.0,0.0,367.9441697389440,FALSE,613.422721305465,310.0159975583400,79.0,0.0,687.3116860318140,FALSE,182.45955886852400,501.02928210771600,79.0,0.0,533.2183719189250
81,TRUE,604.630373810138,343.41990695238900,80.0,0.0,695.3525159406380,FALSE,185.07307672478800,319.4635795333440,80.0,0.0,369.20051784448600,FALSE,612.52913831416,309.9587686837420,80.0,0.0,686.4884438705640,FALSE,180.66735408943800,500.27741652528300,80.0,0.0,531.9005417546500
82,TRUE,604.5257181972350,343.37995993139100,81.0,0.0,695.2417858877340,FALSE,184.42319555172800,320.9668174665020,81.0,0.0,370.17781264155500,FALSE,611.2571747357160,309.9113193045090,81.0,0.0,685.332298596054,FALSE,179.43787706988700,499.77779327338100,81.0,0.0,531.0139304919960
83,TRUE,604.8231952826130,343.57351605333900,82.0,0.0,695.5960454783530,FALSE,183.58722482404600,322.9284636140200,82.0,0.0,371.4660976868630,FALSE,609.8268999259040,309.80798222736400,82.0,0.0,684.0101122973470,FALSE,177.79969372902600,499.1752769973180,82.0,0.0,529.8949785150680
84,TRUE,604.8458727968690,343.7305720487940,83.0,0.0,695.6933491132400,FALSE,182.49894647866200,324.5620935143470,83.0,0.0,372.35254532799600,FALSE,608.4974189828190,309.5415517751310,83.0,0.0,682.7042413696490,FALSE,174.6086436245160,498.2131649497270,83.0,0.0,527.9247447862410
85,TRUE,604.7915352366300,343.699924442438,84.0,0.0,695.6309647763080,FALSE,181.0462412033560,327.1457903501420,84.0,0.0,373.90120299042000,FALSE,606.7588244651790,309.41743643759900,84.0,0.0,681.0986867099230,FALSE,172.56080582161800,497.50606134380800,84.0,0.0,526.5828641150740
86,TRUE,604.7858777135780,343.54411936080200,85.0,0.0,695.5490779443050,FALSE,180.07996029067500,328.6887042779010,85.0,0.0,374.78668121769800,FALSE,606.588916810033,309.4906254445190,85.0,0.0,680.9805880014560,FALSE,171.43749890937600,497.0259453502400,85.0,0.0,525.7619293783090
87,TRUE,604.3027040418830,343.1893748571750,86.0,0.0,694.9537431564710,FALSE,179.07442624756600,330.1769302722040,86.0,0.0,375.6121076587790,FALSE,605.6633664564970,309.4446446805540,86.0,0.0,680.1353553439860,FALSE,170.01906692686100,496.3603585142000,86.0,0.0,524.6714101445070
88,TRUE,603.6260984540440,342.675772096099,87.0,0.0,694.1117716308440,FALSE,177.9072196582700,331.1704770732580,87.0,0.0,375.9319934395920,FALSE,603.83928012299,309.1044836528240,87.0,0.0,678.3564387795920,FALSE,167.59582536572300,495.4818139360540,87.0,0.0,523.0588768211280
89,TRUE,603.1879313248250,342.4388472731740,88.0,0.0,693.6137575176130,FALSE,176.24931921015400,333.27968426323700,88.0,0.0,377.01348843860500,FALSE,602.3842222334910,308.8450708142400,88.0,0.0,676.9431504654580,FALSE,164.67936884459600,494.24136970972500,88.0,0.0,520.9547255334180
90,TRUE,602.8100537708980,342.1456783800960,89.0,0.0,693.1404086918090,FALSE,174.85940635646900,334.8096049141580,89.0,0.0,377.7211716784110,FALSE,600.4959349592140,308.4379125366470,89.0,0.0,675.0772650537900,FALSE,164.5432923476250,494.21314818408600,89.0,0.0,520.8849497678170
91,TRUE,602.830860141396,342.16298997919400,90.0,0.0,693.167048878059,FALSE,173.8430775671130,335.98803798825400,90.0,0.0,378.29800064129500,FALSE,599.0927027754330,308.22541929217100,90.0,0.0,673.7321245247310,FALSE,163.0521903443250,493.3170228884460,90.0,0.0,519.5649159129220
92,TRUE,602.5285768719530,341.8311880072380,91.0,0.0,692.7403893536020,FALSE,172.54941095709100,337.4784357139750,91.0,0.0,379.0316527594900,FALSE,597.8102765151260,308.068707304684,91.0,0.0,672.5202265563990,FALSE,161.5573059994740,492.2369600385350,91.0,0.0,518.0714120174800
93,TRUE,602.475201405546,341.86153329642600,92.0,0.0,692.7089405056330,FALSE,172.19638078719800,337.81319528296100,92.0,0.0,379.16928734207100,FALSE,596.7131070121200,307.8866196550410,92.0,0.0,671.4616166562810,FALSE,160.3370694535250,490.7575182649350,92.0,0.0,516.2856937534710
94,TRUE,602.2447926415790,341.61870430222400,93.0,0.0,692.3887126412660,FALSE,171.51496875116800,338.3484167713560,93.0,0.0,379.3376275000910,FALSE,596.375480675628,307.75607300905900,93.0,0.0,671.1017168991920,FALSE,159.9674044454860,490.05266247126900,93.0,0.0,515.5009044416950
95,TRUE,602.0797583458380,341.4200897545870,94.0,0.0,692.1471758938360,FALSE,170.5552079993360,338.9691214371570,94.0,0.0,379.4590152619580,FALSE,594.8766045888240,307.4061383081010,94.0,0.0,669.6093701230800,FALSE,159.96067559964100,490.01845597704300,94.0,0.0,515.4662985457140
96,TRUE,602.0490059787890,341.5711903970870,95.0,0.0,692.1949752124260,FALSE,168.36647288285800,339.73895091019800,95.0,0.0,379.1699143610640,FALSE,593.0352244505960,307.2021927272810,95.0,0.0,667.8802023234540,FALSE,159.06648374564000,488.7298668215680,95.0,0.0,513.9640347092680
97,TRUE,602.1912947943560,341.7611644222250,96.0,0.0,692.4124847468730,FALSE,166.7355011083340,340.35828485468,96.0,0.0,379.004603400891,FALSE,592.1609980894300,306.98313759864300,96.0,0.0,667.0032192037590,FALSE,158.5866897406300,487.65631319020000,96.0,0.0,512.7947132695000
98,TRUE,602.1435780737880,341.5703006037740,97.0,0.0,692.2767935371340,FALSE,164.0886358030280,340.9332321413950,97.0,0.0,378.3656289597100,FALSE,592.1616267231190,306.97193176626200,97.0,0.0,666.9986199803420,FALSE,158.3238806652730,486.57663962452600,97.0,0.0,511.6866984954830
99,TRUE,601.4798300670580,341.109685036278,98.0,0.0,691.4721998772230,FALSE,162.19206609210200,341.37388992513300,98.0,0.0,377.94496825046100,FALSE,592.3191180011320,307.05710068204500,98.0,0.0,667.1776379862430,FALSE,157.86997827751800,483.55065999800000,98.0,0.0,508.66901893652300
100,TRUE,600.2605604732080,339.995804621704,99.0,0.0,689.8622236504690,FALSE,160.46987196303600,341.9991668748910,99.0,0.0,377.77507852021200,FALSE,592.3343133609780,307.0861104208850,99.0,0.0,667.2044798997150,FALSE,157.2805811640910,480.3283877933990,99.0,0.0,505.42313098187300
101,TRUE,597.8484912183230,337.65464308324000,100.0,0.0,686.6101342448240,FALSE,158.24460184322700,342.7371698234340,100.0,0.0,377.5051279004020,FALSE,592.2809615560690,307.02900342736900,100.0,0.0,667.1308315221120,FALSE,156.7834413215300,477.9076523915480,100.0,0.0,502.9679628833460
102,TRUE,596.4129897785270,336.4551609404910,101.0,0.0,684.7704211632200,FALSE,155.0455172358030,343.3300682727990,101.0,0.0,376.71560651919100,FALSE,592.7024238840060,307.0467729785310,101.0,0.0,667.5132089138810,FALSE,155.90019940801100,475.15698624131200,101.0,0.0,500.0790275040370
103,TRUE,595.4555930460070,335.70917707470400,102.0,0.0,683.5700511739430,FALSE,153.99833914838100,343.38354876052900,102.0,0.0,376.334625061041,FALSE,594.3138254607890,307.2733536537770,102.0,0.0,669.048456391222,FALSE,154.67821685317600,471.22415920656600,102.0,0.0,495.9612474667890
104,TRUE,594.6045896666540,335.3986781689210,103.0,0.0,682.676271280985,FALSE,152.50006302466500,343.5516859829650,103.0,0.0,375.87767978993400,FALSE,595.6845618737980,307.68107987919500,103.0,0.0,670.4533870228460,FALSE,154.59914787882800,468.21043445983900,103.0,0.0,493.07393711484200
105,FALSE,593.4489420959870,334.65402122332700,104.0,0.0,681.3038681790890,FALSE,149.8804992675040,344.03775170163000,104.0,0.0,375.26808904646900,FALSE,597.7408664546900,308.1336162107900,104.0,0.0,672.4882667148490,FALSE,154.7059709756340,466.1681984953000,104.0,0.0,491.1687355113990
106,FALSE,592.1907166704540,333.7310052860090,105.0,0.0,679.7545356964350,FALSE,149.15537369613700,344.39903003390000,105.0,0.0,375.31056125657500,FALSE,599.2020015018350,308.3456694529580,105.0,0.0,673.8843301889410,FALSE,154.75943058975300,464.08751873544400,105.0,0.0,489.2113105831530
107,FALSE,591.5456016655470,333.49391486574600,106.0,0.0,679.0761298281180,FALSE,147.4202189880210,344.73557024884600,106.0,0.0,374.9337733003970,FALSE,598.2331815589500,308.2950474742440,106.0,0.0,672.9998334437310,FALSE,154.8933285827680,461.9783697152560,106.0,0.0,487.2534836450270
108,FALSE,590.4464179524290,332.8733306384730,107.0,0.0,677.8138584620450,FALSE,145.80157449419100,345.3632681102710,107.0,0.0,374.87849509513400,FALSE,597.6934556040850,308.2991627486380,107.0,0.0,672.5220001036870,FALSE,154.97279395432700,459.1916587308690,107.0,0.0,484.63754117279900
109,FALSE,590.4489285032050,333.0079418972070,108.0,0.0,677.8821627223990,FALSE,143.2123227449280,346.3027116655720,108.0,0.0,374.74703133303900,FALSE,597.1478205704430,308.1347068854140,108.0,0.0,671.9616932529640,FALSE,155.1431629998640,457.0406157914140,108.0,0.0,482.6546648573880
110,FALSE,590.2611675243610,333.0725838858890,109.0,0.0,677.7503906480940,FALSE,140.99356954456100,347.14077470846300,109.0,0.0,374.68106986890700,FALSE,597.141370826168,308.2231717417370,109.0,0.0,671.9965329900830,FALSE,155.19526025354800,454.55117827227500,109.0,0.0,480.314836824639
111,FALSE,592.4599182033400,334.05569166271300,110.0,0.0,680.1484836488000,FALSE,139.5920087190040,347.7322632284770,110.0,0.0,374.7047581606160,FALSE,596.8523862034490,308.2312519387890,110.0,0.0,671.743459654431,FALSE,155.52909191956300,451.8250693151060,110.0,0.0,477.8443174245400
112,FALSE,593.1102809266660,334.84278171188800,111.0,0.0,681.1016765545830,FALSE,138.06001083131100,348.3839213706880,111.0,0.0,374.74247592227900,FALSE,596.5251718782320,308.17367565648800,111.0,0.0,671.4263139406920,FALSE,156.00864799472300,449.1106799756510,111.0,0.0,475.43569609078900
113,FALSE,593.6884089872510,334.9559605374590,112.0,0.0,681.6607825490510,FALSE,136.3751537520790,349.05963210188200,112.0,0.0,374.7543319616260,FALSE,596.6371256776760,308.3245141732850,112.0,0.0,671.5950161943670,FALSE,156.4218018213910,447.1270872503860,112.0,0.0,473.6986512943270
114,TRUE,595.7780308140900,336.2847802091430,113.0,0.0,684.1336970220260,FALSE,133.21878035694800,350.03236630033600,113.0,0.0,374.52623525943500,FALSE,597.8662147381740,308.27224281227400,113.0,0.0,672.6632042960750,FALSE,156.6393179203700,445.33670061271700,113.0,0.0,472.08119304964800
115,TRUE,596.7758598434850,336.89623656472900,114.0,0.0,685.3032183664460,FALSE,131.4906989051780,350.8500881796900,114.0,0.0,374.68064838508600,FALSE,602.4618897353740,308.91646547616400,114.0,0.0,677.044836939035,FALSE,156.84228105609100,444.14541496897900,114.0,0.0,471.02510629991300
116,TRUE,597.9414342647970,337.84908215599000,115.0,0.0,686.7866925940590,FALSE,129.14992719426300,351.8220895924950,115.0,0.0,374.77791613102400,FALSE,604.0151210676250,309.5098178081490,115.0,0.0,678.6977190163320,FALSE,156.88899011974000,444.19542881997900,115.0,0.0,471.08782005625700
117,TRUE,600.5194860775540,340.2538113620970,116.0,0.0,690.2146834900600,FALSE,128.8886699628350,352.06016418877000,116.0,0.0,374.9115208331320,FALSE,603.8448815211250,309.52914501957800,116.0,0.0,678.5550328129710,FALSE,156.95467687247200,444.8665779310220,116.0,0.0,471.74255982707400
118,TRUE,600.6111685343480,340.4364103053810,117.0,0.0,690.3844763824060,FALSE,128.06748063765800,352.5755592136930,117.0,0.0,375.1143886226240,FALSE,603.2352202185090,309.28000307461000,117.0,0.0,677.8988502821820,FALSE,156.93160827381500,443.99450560416100,117.0,0.0,470.9125722276800
119,TRUE,600.4497362659560,340.3612380195920,118.0,0.0,690.206967603258,FALSE,125.91736985878800,353.60927515873,118.0,0.0,375.3594324250250,FALSE,602.3717551113130,308.9593150458120,118.0,0.0,676.9841871930700,FALSE,157.0088532506860,441.86686753405900,118.0,0.0,468.9329468308420
120,TRUE,600.152064788536,339.7097563810410,119.0,0.0,689.626869727688,FALSE,124.07957762375600,354.54062877376300,119.0,0.0,375.62587641772700,FALSE,600.9995973166850,307.81585361905200,119.0,0.0,675.2415239853390,FALSE,157.25170380864900,438.8154857743390,119.0,0.0,466.14067501784500
121,TRUE,598.6166109239640,337.7407376827720,120.0,0.0,687.321360620049,FALSE,123.09397458997300,355.5551600826630,120.0,0.0,376.26001440727800,FALSE,600.3260310497870,306.53389805821200,120.0,0.0,674.0581386013760,FALSE,157.2963064722000,435.70506159244300,120.0,0.0,463.22891611715100
122,TRUE,598.2934729860740,336.7607745875260,121.0,0.0,686.5587368306720,FALSE,121.71139598556400,356.5206936129450,121.0,0.0,376.7235974650510,FALSE,600.0168727406740,305.5574232888220,121.0,0.0,673.3391318647710,FALSE,157.41244619896200,433.4912382858150,121.0,0.0,461.18687306655900
123,TRUE,598.1943243300710,336.7340519805350,122.0,0.0,686.4592277942950,FALSE,120.94486672104900,357.41873513369200,122.0,0.0,377.32719622463100,FALSE,599.8093493269060,304.63779698933,122.0,0.0,672.7372762783990,FALSE,157.44816430030200,431.28789160571900,122.0,0.0,459.1287073220770
124,TRUE,598.8428184105460,337.5847318681030,123.0,0.0,687.4417592438980,FALSE,120.56067108392000,358.065144785394,123.0,0.0,377.81678538994300,FALSE,600.0887261406830,303.204010679869,123.0,0.0,672.3385689766030,FALSE,157.21401248077400,429.2339907577320,123.0,0.0,457.1193110579700
125,TRUE,600.611824410948,339.9224482764850,124.0,0.0,690.1317515261320,FALSE,119.05593828057000,359.61020220080400,124.0,0.0,378.80577340738900,FALSE,601.1082833490780,300.46633379474700,124.0,0.0,672.0202274150170,FALSE,156.08762973418700,426.1428913127850,124.0,0.0,453.8293864135040
126,TRUE,600.1948380340400,339.7148494120920,125.0,0.0,689.6666024346750,FALSE,117.10850480132300,360.8673433234420,125.0,0.0,379.39378141203100,FALSE,601.7739479451570,297.77919996383300,125.0,0.0,671.419642516214,FALSE,155.93805134760800,425.5512294416750,125.0,0.0,453.222378901804
127,TRUE,598.1417722135380,337.03396035056900,126.0,0.0,686.5606091936390,FALSE,114.08100423168900,362.84197013499300,126.0,0.0,380.35348140638000,FALSE,602.063397206181,295.2286988816790,126.0,0.0,670.5522491937650,FALSE,156.5473275084420,426.9512022383240,126.0,0.0,454.7465171310120
128,TRUE,596.7129852791920,335.0618587041720,127.0,0.0,684.3484755291710,FALSE,111.65000422215100,365.12875797886300,127.0,0.0,381.81767029040600,FALSE,602.2879424968100,292.8961370129220,127.0,0.0,669.7304776954180,FALSE,155.8457630287450,425.5757668623040,127.0,0.0,453.2136749861480
129,TRUE,595.754907593757,334.5223455850400,128.0,0.0,683.2489367849490,FALSE,110.32748681988800,366.3654524854280,128.0,0.0,382.6170397706370,FALSE,603.043288791784,290.9281165072940,128.0,0.0,669.5523707159080,FALSE,155.59900381868600,424.8766755444170,128.0,0.0,452.4723631461300
130,TRUE,594.5424609633720,333.8178029437870,129.0,0.0,681.8468035054500,FALSE,107.61405770739800,368.2926088572100,129.0,0.0,383.6928865057330,FALSE,606.0130931132170,288.9864057811300,129.0,0.0,671.3903572072990,FALSE,155.61127348196600,423.6439615523140,129.0,0.0,451.3192601633770
131,TRUE,594.3108739325790,333.5381782643520,130.0,0.0,681.5079832506790,FALSE,105.17909232375400,370.00411745067400,130.0,0.0,384.6630842601110,FALSE,607.9452541249100,287.9024861036190,130.0,0.0,672.6702561564960,FALSE,156.56312820049800,422.76816705478400,130.0,0.0,450.8269470504040
132,TRUE,595.4684073592910,334.35704337226400,131.0,0.0,682.918191744555,FALSE,103.20945345651500,371.05083465650400,131.0,0.0,385.137525024608,FALSE,608.8757887544480,287.1645144688190,131.0,0.0,673.1962451629270,FALSE,159.94401597059300,420.74513142297800,131.0,0.0,450.1205992408480
133,TRUE,596.3984608860690,335.192994685983,132.0,0.0,684.1384858592810,FALSE,101.31593476601900,371.87882291715400,132.0,0.0,385.4332336109070,FALSE,610.0643357034670,286.29424921667300,132.0,0.0,673.9012470917760,FALSE,162.1916166400050,419.68543334635800,132.0,0.0,449.9355325726320
134,TRUE,598.3475661114270,337.3632231453290,133.0,0.0,686.9015607803440,FALSE,97.51346473694170,372.9147244470780,133.0,0.0,385.4533272841770,FALSE,612.4201431724580,283.9107215925230,133.0,0.0,675.0286879818970,FALSE,163.7204644813070,419.39791479309800,133.0,0.0,450.2210583955100
135,TRUE,601.2802126988120,341.42447065871400,134.0,0.0,691.4539488264650,FALSE,95.13948337253550,373.5044234138070,134.0,0.0,385.43102574400200,FALSE,614.3496408829160,281.28646877365400,134.0,0.0,675.6830312862080,FALSE,165.6476689667000,418.9931795869900,134.0,0.0,450.5490370365000
136,TRUE,602.0109403396070,342.762943225719,135.0,0.0,692.7507542668830,FALSE,93.47889063353880,373.4918194315830,135.0,0.0,385.0122623714620,FALSE,615.249601839151,279.7117016172740,135.0,0.0,675.8481401800740,FALSE,168.04368858209800,418.61281653487700,135.0,0.0,451.08244417128400
137,TRUE,602.7167040910220,343.54206723165300,136.0,0.0,693.7496503409160,FALSE,91.77799391923770,373.461370789547,136.0,0.0,384.57326433314000,FALSE,615.8400386443000,278.4200650423550,136.0,0.0,675.8525621876440,FALSE,170.78842897873000,418.3973287096760,136.0,0.0,451.91261560661900
138,TRUE,602.2875882993360,343.3168543367540,137.0,0.0,693.265318252049,FALSE,88.9587896968209,373.36001416274000,137.0,0.0,383.81162884926300,FALSE,616.0221606932110,276.92028873619900,137.0,0.0,675.4022125954810,FALSE,173.52705952523300,418.38698405110200,137.0,0.0,452.94514989218200
139,TRUE,601.9427334175380,342.8862246393280,138.0,0.0,692.7524935802030,FALSE,85.77460022467050,372.5769710438730,138.0,0.0,382.3230066265030,FALSE,616.1344217218770,274.2618747609790,138.0,0.0,674.4191586676330,FALSE,176.44171265513500,418.78972328759200,138.0,0.0,454.4408765680910
140,TRUE,601.9740581908240,342.7361345726410,139.0,0.0,692.705438607584,FALSE,83.97814282902690,371.7111762274510,139.0,0.0,381.0794234872930,FALSE,616.3188957490730,272.29809435280700,139.0,0.0,673.7916840133360,FALSE,177.9936075795420,418.8600826376780,139.0,0.0,455.1104186529050
141,TRUE,602.0193276964840,342.580163554724,140.0,0.0,692.6676254750960,FALSE,82.21001930263430,371.1674780669080,140.0,0.0,380.16283885762400,FALSE,616.49409683965,269.68783635943200,140.0,0.0,672.9015533630220,FALSE,179.9402070809330,419.1501180971600,140.0,0.0,456.14175387174600
142,TRUE,601.9555054532380,342.7403967298930,141.0,0.0,692.691424875483,FALSE,80.62870548598150,370.8972135035610,141.0,0.0,379.5599177113560,FALSE,616.6631685698070,266.21321751398400,141.0,0.0,671.6717506711900,FALSE,181.8529574830070,419.13930886216200,141.0,0.0,456.8897661129730
143,TRUE,602.2733954209700,343.0618329817260,142.0,0.0,693.1267301732680,FALSE,78.0967947374021,370.6759230275590,142.0,0.0,378.8136075441180,FALSE,617.0088136891640,263.7592880388760,142.0,0.0,671.0207434922440,FALSE,185.81565333378000,417.9225819261320,142.0,0.0,457.36937097674500
144,TRUE,602.2646236533150,343.88274044709700,143.0,0.0,693.5257861692490,FALSE,76.76707917554970,370.45748073501200,143.0,0.0,378.3278069051720,FALSE,617.3872680060960,262.1639118220300,143.0,0.0,670.7435839110650,FALSE,188.24895255126300,416.8293033608910,143.0,0.0,457.36674155099400
145,TRUE,602.2255654385990,344.7756300330380,144.0,0.0,693.9350594490230,FALSE,74.97197236542850,370.2764686149560,144.0,0.0,377.790232603127,FALSE,618.3789054369080,260.28973848600100,144.0,0.0,670.9271336370730,FALSE,189.65198842125300,416.3616061854800,144.0,0.0,457.5203425176720
146,TRUE,602.3888896513280,346.18613929678300,145.0,0.0,694.7785383966400,FALSE,73.50770272920900,370.17217407392800,145.0,0.0,377.4000805764940,FALSE,619.5336373169630,258.53255298728700,145.0,0.0,671.3128992662890,FALSE,192.43960717280500,415.59776716534700,145.0,0.0,457.9896357797250
147,TRUE,602.6955034705450,347.63888771912100,146.0,0.0,695.7691184280900,FALSE,69.1821265106454,368.9071353297670,146.0,0.0,375.3380358100540,FALSE,621.705270427092,256.31493250116700,146.0,0.0,672.4691724532070,FALSE,195.20564356881300,414.64514426511100,146.0,0.0,458.2966713208260
148,TRUE,602.8348937848410,349.19770114281000,147.0,0.0,696.6698957526460,FALSE,67.37286733740160,368.0366323928880,147.0,0.0,374.15246362460400,FALSE,622.9049953912120,255.01342865353300,147.0,0.0,673.0843053265740,FALSE,197.40757204118700,413.751917937011,147.0,0.0,458.43254585135100
149,TRUE,603.0293808774780,351.5107004995340,148.0,0.0,698.000148113987,FALSE,66.49932896482950,367.27635567512600,148.0,0.0,373.2480169951000,FALSE,623.5696054005790,254.28172282108000,148.0,0.0,673.4227849874780,FALSE,199.22925666249400,412.7944495497590,148.0,0.0,458.3574525295500
150,TRUE,602.9348000524960,353.21936397126200,149.0,0.0,698.780575144019,FALSE,65.57277459552810,366.6109636943000,149.0,0.0,372.42903682315000,FALSE,624.3601959227970,253.37845432485700,149.0,0.0,673.8147337130640,FALSE,200.7041766131150,412.0463333566400,149.0,0.0,458.327772824864
151,TRUE,602.694600871128,354.1558064315150,150.0,0.0,699.0472924977000,FALSE,64.17704889863460,365.4519718653350,150.0,0.0,371.0442525435470,FALSE,624.8462804133300,252.14306086273300,150.0,0.0,673.8018976580600,FALSE,203.29730807241000,409.9335073876110,150.0,0.0,457.5754319766280
152,TRUE,601.7625515103740,355.1783476199980,151.0,0.0,698.7630693005670,FALSE,63.12024455473720,364.01088928709000,151.0,0.0,369.44294930642200,FALSE,625.4886687167680,250.1507022843650,151.0,0.0,673.6552891104140,FALSE,205.41053193013200,407.9795824018420,151.0,0.0,456.77218203892500
153,TRUE,600.46725259581,356.36911268956600,152.0,0.0,698.2548717474940,FALSE,62.00249134969220,362.32943501636400,152.0,0.0,367.5961485283080,FALSE,625.9568201056120,248.12217313890500,152.0,0.0,673.3398498825850,FALSE,206.91793370153600,406.52189275923600,152.0,0.0,456.15247514385500
154,TRUE,599.4769528464800,357.2725681996830,153.0,0.0,697.8655350295630,FALSE,60.45411197703100,359.4113425109410,153.0,0.0,364.4601662465310,FALSE,626.6054069996340,245.63797848943100,153.0,0.0,673.0322076673230,FALSE,208.65748659500300,405.0539911661300,153.0,0.0,455.6387631356180
155,TRUE,598.7512445170600,357.98550245304300,154.0,0.0,697.6078216141830,FALSE,59.86528203924040,358.255304609239,154.0,0.0,363.2226800108940,FALSE,627.178047297217,243.12310084349600,154.0,0.0,672.6523211699390,FALSE,210.63226384513300,403.1840641399970,154.0,0.0,454.8882721602870
156,TRUE,598.1212467228080,358.49272168183400,155.0,0.0,697.3277975816650,FALSE,59.244063599798300,356.8149564150960,155.0,0.0,361.6998371486000,FALSE,627.7142103276700,240.4729890932440,155.0,0.0,672.1996640364600,FALSE,212.49495320810100,401.44252698996300,155.0,0.0,454.21383468031900
157,TRUE,597.443709506136,359.026202609889,156.0,0.0,697.02137713913,FALSE,58.3741325416581,353.67420360259900,156.0,0.0,358.4591770954170,FALSE,628.1127512735660,238.65400390876900,156.0,0.0,671.9236280219160,FALSE,213.5111723917530,400.48475200538900,156.0,0.0,453.8447502449700
158,TRUE,596.9090500781750,359.3625507346800,157.0,0.0,696.7365764302630,FALSE,58.23093618331770,351.9658495942790,157.0,0.0,356.7503345610320,FALSE,628.7239038243570,236.8788974518650,157.0,0.0,671.8670696634500,FALSE,214.5879458589390,399.3333104839960,157.0,0.0,453.3377100684060
159,TRUE,595.6310120016480,360.9770777208780,158.0,0.0,696.4773887916330,FALSE,57.72075309587970,349.75315716588700,158.0,0.0,354.4840705665930,FALSE,629.2032446560420,235.12912627788500,158.0,0.0,671.70114568154,FALSE,216.41446417029700,397.5548805277730,158.0,0.0,452.6423569812800
160,TRUE,594.4963561323950,362.5577278207890,159.0,0.0,696.3289620985670,FALSE,57.257132067156900,347.0650435890010,159.0,0.0,351.75634131311800,FALSE,629.8259863116770,232.5735363677200,159.0,0.0,671.3949827426950,FALSE,217.83745707079500,396.10350241697700,159.0,0.0,452.0521455872840
161,FALSE,593.6051154790570,363.91230108557800,160.0,0.0,696.275230066606,FALSE,56.85168845148420,344.6498701979880,160.0,0.0,349.30738255478400,FALSE,630.4783959683480,230.6429723994100,160.0,0.0,671.3413353131600,FALSE,219.10396046301300,394.8012849666720,160.0,0.0,451.5247502650470
162,FALSE,592.9322246464160,365.0501412263380,161.0,0.0,696.2975144530660,FALSE,55.87784039210730,341.7822663087610,161.0,0.0,346.31986747808600,FALSE,631.0451658068860,228.96456152513800,161.0,0.0,671.2993160451140,FALSE,220.39838114978700,393.4025607540370,161.0,0.0,450.9334997771630
163,FALSE,591.7288140103160,366.14704250027200,162.0,0.0,695.8495858026720,FALSE,54.811159055344000,339.6007835191180,162.0,0.0,343.9955745700640,FALSE,631.9740301527200,226.50921751341400,162.0,0.0,671.3401525352180,FALSE,221.85762615521400,391.60977185747100,162.0,0.0,450.0877911002340
164,FALSE,590.8884817562380,367.42583279196900,163.0,0.0,695.8095576198010,FALSE,53.14902055953330,336.03896504620800,163.0,0.0,340.2161142799740,FALSE,632.3025993102020,225.1061219336840,163.0,0.0,671.1775795022210,TRUE,224.19115601579700,388.24878713152700,163.0,0.0,448.32889171321700
165,FALSE,589.2377421353650,370.0824085661340,164.0,0.0,695.8175808981070,FALSE,52.15479700717710,334.04736566408200,164.0,0.0,338.0943142940630,FALSE,632.8254876551990,223.19504848906200,164.0,0.0,671.0321359637520,TRUE,224.6232600562960,387.3641047714760,164.0,0.0,447.77958710031100
166,FALSE,588.2726083752360,372.51242550560300,165.0,0.0,696.297471574234,FALSE,51.36299747149710,332.2053382085930,165.0,0.0,336.15256096531900,FALSE,633.5162279312340,221.15523982278800,165.0,0.0,671.0085328468590,TRUE,225.60715051112500,385.7146037603890,165.0,0.0,446.84935035846600
167,FALSE,587.5389896212600,373.93822346368900,166.0,0.0,696.4422871224520,FALSE,50.388182930542800,329.5490492192190,166.0,0.0,333.3789807716330,FALSE,634.2111249203260,219.90149970538200,166.0,0.0,671.2528737706680,TRUE,226.5898901259750,384.1675211647290,166.0,0.0,446.0130745002380
168,FALSE,586.6623372437150,375.5437825004420,167.0,0.0,696.5671758811190,FALSE,49.43118815271080,326.51336374920300,167.0,0.0,330.2338854039790,FALSE,635.2791485159010,218.46631465135700,167.0,0.0,671.7939618487450,TRUE,227.9138218389700,382.00513037798700,167.0,0.0,444.82876460538000
169,FALSE,585.8826859225540,377.86907655814100,168.0,0.0,697.1682441726160,FALSE,48.49817958104930,325.1107123295010,168.0,0.0,328.7081512437310,FALSE,637.1194936422280,216.83059442077700,168.0,0.0,673.0057621267420,TRUE,229.2759960085050,379.51314193237100,168.0,0.0,443.3934000919180
170,FALSE,585.1109197706090,380.9329726021360,169.0,0.0,698.1867358023270,FALSE,47.09623725149470,323.6622877833080,169.0,0.0,327.07083651156300,FALSE,639.1190425426200,215.4022339400180,169.0,0.0,674.4414525568150,TRUE,230.3368697929230,377.89031794194500,169.0,0.0,442.5563986434570
171,FALSE,584.7623626257620,382.5378689704290,170.0,0.0,698.7719527428820,FALSE,45.28619241399900,321.0090855224330,170.0,0.0,324.18771138232000,FALSE,640.6274649965760,214.42856299777900,170.0,0.0,675.5613647458180,TRUE,231.4598328109910,375.9529274795790,170.0,0.0,441.49094881476000
172,FALSE,584.0314050039860,384.4163845616160,171.0,0.0,699.1914178180070,FALSE,44.61959211852300,319.11303851631600,171.0,0.0,322.21737903461900,FALSE,641.6077279499450,213.7454079916090,171.0,0.0,676.2747784758730,TRUE,234.07125000411600,371.8849907672680,171.0,0.0,439.4175650067490
173,FALSE,583.7459034375900,385.64325671799600,172.0,0.0,699.6284737146070,FALSE,44.29835770717820,318.21287547501400,172.0,0.0,321.281463227541,FALSE,642.6432457406270,213.1407706062720,172.0,0.0,677.0667097049470,TRUE,235.56789809151000,369.37722583181,172.0,0.0,438.10018212100300
174,FALSE,583.5625200040180,387.9586845146050,173.0,0.0,700.7547043322240,FALSE,44.174918970715600,317.5326816402970,173.0,0.0,320.59074748929900,FALSE,643.6023760923130,212.19480344609900,173.0,0.0,677.6803473033580,TRUE,236.47280991505300,367.5682152831840,173.0,0.0,437.06496395339900
175,FALSE,583.8460910380940,390.278472220909,174.0,0.0,702.2773981124190,FALSE,43.97715681987730,315.83701413426500,174.0,0.0,318.88400684137200,FALSE,644.7656065869880,211.2604639000020,174.0,0.0,678.4936779696110,TRUE,238.52119324257600,364.9239641238310,174.0,0.0,435.9608459686640
176,FALSE,583.9593099171720,392.11823491943100,175.0,0.0,703.3954689897210,FALSE,44.29384631584050,313.20417180722600,175.0,0.0,316.3207202490880,FALSE,646.4640409550430,209.47792314266300,175.0,0.0,679.5562938654070,TRUE,240.80482976092200,362.1360424162290,175.0,0.0,434.89019217852600
177,FALSE,584.1001279563270,393.2189959265300,176.0,0.0,704.126507267029,FALSE,44.58333461069800,311.4800142721160,176.0,0.0,314.6545296288720,FALSE,647.5331635478730,208.425632528525,176.0,0.0,680.250279080599,TRUE,241.77993082704700,360.999240513798,176.0,0.0,434.485887690579
178,FALSE,584.1308050205430,395.4484780050650,177.0,0.0,705.3993876737280,FALSE,45.41117788477330,308.9322447390280,177.0,0.0,312.2519926539730,FALSE,648.3040262860230,207.76876529902800,177.0,0.0,680.7833505106830,TRUE,242.79638648662400,359.8467792281570,177.0,0.0,434.09652130815300
179,FALSE,584.2081169947700,397.1666436624260,178.0,0.0,706.4279629237880,FALSE,45.60543222414720,307.17381702283400,178.0,0.0,310.5408335673890,FALSE,649.1580004233180,206.70888978601300,178.0,0.0,681.2743020473960,TRUE,245.21915912187400,357.6608898940530,178.0,0.0,433.65164378824300
180,FALSE,584.405518432156,398.7906214073580,179.0,0.0,707.5053142531320,FALSE,45.98679369657320,304.9967143603060,179.0,0.0,308.444129406078,FALSE,649.6733511984850,206.1083008785750,179.0,0.0,681.5835201562050,TRUE,246.8616643752370,355.9894588213160,179.0,0.0,433.20800561624600
181,FALSE,584.4794052271740,400.2685068722050,180.0,0.0,708.400347775476,FALSE,46.6761001802992,303.33534499237800,180.0,0.0,306.9055063854120,FALSE,649.6834666139440,206.0467379574570,180.0,0.0,681.5745483910180,TRUE,248.05286476247300,354.9808751634780,180.0,0.0,433.0607872443520
182,FALSE,584.4863671152980,402.32953386455200,181.0,0.0,709.5726651748260,FALSE,47.61978946475110,300.80825549689200,181.0,0.0,304.5541838881060,FALSE,648.7166729578840,207.36243638333000,181.0,0.0,681.0524956245120,TRUE,249.00350395742200,353.7182606508980,181.0,0.0,432.57294517915700
183,FALSE,584.3788364691750,402.82199115874000,182.0,0.0,709.7634683992680,FALSE,48.69528290117140,298.8275211893630,182.0,0.0,302.769083621502,FALSE,648.546536370805,207.48796126490300,182.0,0.0,680.928677548856,TRUE,250.1555010246350,351.66529464275700,182.0,0.0,431.5625726926090
184,FALSE,584.3848125599720,403.3509625508620,183.0,0.0,710.0687348006950,FALSE,49.84376679560220,297.63012863055200,183.0,0.0,301.7749071029820,FALSE,648.6422822542740,207.45635065274,183.0,0.0,681.0102405648440,TRUE,251.77698163721800,348.00697432450800,183.0,0.0,429.5352170204990
185,FALSE,584.3474005030360,403.54769638431600,184.0,0.0,710.1497220528530,FALSE,50.90388100107970,297.01586639959600,184.0,0.0,301.3463621716300,FALSE,649.2097632804440,206.95128014050000,184.0,0.0,681.397203612138,TRUE,252.80626605403600,345.32692841741700,184.0,0.0,427.97394271893700
186,FALSE,584.1974216550190,403.757104733412,185.0,0.0,710.1453563117060,FALSE,52.03814647797730,296.09587296124500,185.0,0.0,300.6338880990390,FALSE,649.9730562314640,206.6123531736360,185.0,0.0,682.0217286207360,TRUE,253.3481459497860,343.57050273588100,185.0,0.0,426.8793429136380
187,FALSE,584.3621797463640,404.5858606207210,186.0,0.0,710.75233079613,FALSE,52.8211146781135,295.7587988629940,186.0,0.0,300.4385748546930,FALSE,649.9667599160090,206.3782752402830,186.0,0.0,681.944852232839,TRUE,253.72468842239600,341.17317162805000,186.0,0.0,425.1768462108270
188,FALSE,584.7038549296000,405.5878820710960,187.0,0.0,711.6039123363870,FALSE,54.80106945719220,294.5494983396900,187.0,0.0,299.60401229926000,FALSE,649.7785435182450,206.54583825684400,187.0,0.0,681.8162061126980,TRUE,253.86675616132000,339.484402462413,187.0,0.0,423.90799638498500
189,FALSE,585.2820791755400,406.6503380374510,188.0,0.0,712.68478981245,FALSE,56.46316819758100,294.23035093692600,188.0,0.0,299.5990466863590,FALSE,650.084273308808,206.33732670267300,188.0,0.0,682.044466874592,TRUE,253.95050664722900,336.66569385593200,188.0,0.0,421.70445722790300
190,FALSE,585.9152254756820,407.37345438032400,189.0,0.0,713.6173924295690,FALSE,57.49710303638370,294.5969702682370,189.0,0.0,300.15544597558300,FALSE,649.8745229606510,206.53465425489700,189.0,0.0,681.9042887396470,TRUE,253.96850799270500,334.7252374239870,189.0,0.0,420.16780888186200
191,FALSE,585.8781498324650,407.50725430399000,190.0,0.0,713.6633441346760,FALSE,58.246002043448000,294.92579901358400,190.0,0.0,300.6223938395910,FALSE,649.8558629754580,206.68389174820500,190.0,0.0,681.9317222066740,TRUE,253.70518060644800,332.68740035173700,190.0,0.0,418.3864541537490
192,FALSE,585.0361756357160,406.2021901692780,191.0,0.0,712.2271730991330,FALSE,59.59610140890930,295.31143197162800,191.0,0.0,301.2648953268110,FALSE,648.8848950618500,207.23749356497000,191.0,0.0,681.174710172448,TRUE,253.50343594415800,330.97907727331400,191.0,0.0,416.9066341858670
193,FALSE,584.5275097606150,404.8756877124140,192.0,0.0,711.0532555073110,FALSE,61.42160491719180,295.8386082896550,192.0,0.0,302.1474734386570,FALSE,647.3063289516110,208.9695965669900,192.0,0.0,680.2012759398370,TRUE,252.908958822878,328.5446124045460,192.0,0.0,414.6136801806300
194,FALSE,584.2972754073540,403.9652629970110,193.0,0.0,710.3458592521690,FALSE,62.94360831758500,296.24070188383400,193.0,0.0,302.85384475133200,FALSE,645.3902384182990,210.9473780501700,193.0,0.0,678.9899529093720,TRUE,252.25560813606600,326.2290561630230,193.0,0.0,412.3812422032710
195,FALSE,584.2988747298300,402.8465137395040,194.0,0.0,709.7115531274790,FALSE,61.217525113270000,295.9159394202520,194.0,0.0,302.1817806949380,FALSE,644.9412485908020,211.0543740169710,194.0,0.0,678.5964654531870,TRUE,251.63889812832200,324.3431244583970,194.0,0.0,410.51260325923200
196,FALSE,584.3385428412130,402.3354452459940,195.0,0.0,709.4542572647550,FALSE,59.92527971250820,295.3447804604510,195.0,0.0,301.3628684723030,FALSE,645.5578924940200,210.64108770760500,195.0,0.0,679.0542396539200,FALSE,251.23610392024600,322.51375519835700,195.0,0.0,408.821112719451
197,FALSE,584.3562674663560,402.73695274622900,196.0,0.0,709.6966256327630,FALSE,61.199128403636300,295.85328678522200,196.0,0.0,302.11670033115300,FALSE,645.7213216573510,210.38820097902800,196.0,0.0,679.1312246938060,FALSE,251.01941388393900,320.42530992777600,196.0,0.0,407.0419209233210
198,FALSE,584.1875908943500,403.4630112993210,197.0,0.0,709.9700999631320,FALSE,62.14301188600140,296.11067144826200,197.0,0.0,302.56120648854500,FALSE,646.5148372606990,209.1881175420200,197.0,0.0,679.5153444323400,FALSE,250.84628195555900,317.49388578219600,197.0,0.0,404.63097345606900
199,FALSE,584.093704766275,403.77838039956400,198.0,0.0,710.0721346635760,FALSE,63.10998528640710,296.5498113996570,198.0,0.0,303.1907994712620,FALSE,647.1902489590040,207.90498559946400,198.0,0.0,679.7644455138340,FALSE,250.72953958803800,315.9199908355870,198.0,0.0,403.3246119834330
200,FALSE,584.0515636074080,404.25544943261100,199.0,0.0,710.3088746089410,FALSE,63.84068030544810,297.18870417940500,199.0,0.0,303.96835090794600,FALSE,647.1289983299330,207.71706291701700,199.0,0.0,679.6486729968470,FALSE,250.70556871670800,314.4952651312470,199.0,0.0,402.1946717393720
201,FALSE,583.7162504036250,404.8737922202700,200.0,0.0,710.3854225785390,FALSE,64.36432422837030,297.36057111974600,200.0,0.0,304.24673455936500,FALSE,647.3559467531340,207.26055154482500,200.0,0.0,679.7254284071700,FALSE,250.84375898791400,310.9135851815060,200.0,0.0,399.486982107808
202,FALSE,583.6972953439950,405.1113716275690,201.0,0.0,710.5052821857590,FALSE,65.1717624782339,298.2726342596340,201.0,0.0,305.3095527046290,FALSE,647.3399739008350,207.43562919883400,201.0,0.0,679.763622203373,FALSE,250.74136818191900,308.85461231436700,201.0,0.0,397.82207739842500
203,FALSE,583.8266649175060,405.18070676224800,202.0,0.0,710.6510956869430,FALSE,65.68540390296510,298.7667250160960,202.0,0.0,305.9021547206540,FALSE,647.3823113599830,207.59751643138200,202.0,0.0,679.8533561660710,FALSE,250.39757215894700,305.80955840844700,202.0,0.0,395.24477246013600
204,FALSE,583.623099213368,405.15243154223200,203.0,0.0,710.467743616837,FALSE,64.89957463310640,298.0745984917520,203.0,0.0,305.05806177443900,FALSE,647.5431748025870,207.2447337099930,203.0,0.0,679.8989210786700,FALSE,250.09669487310700,303.20307819162,203.0,0.0,393.04002774695300
205,FALSE,583.0969293813580,405.91114365670900,204.0,0.0,710.4687787641810,FALSE,62.46134119232600,296.3524089207920,204.0,0.0,302.86328502593400,FALSE,647.6276648097270,207.03233189163800,204.0,0.0,679.9146848505250,FALSE,249.6150286782790,300.6065794411340,204.0,0.0,390.7326172017850
206,FALSE,581.2230915980020,407.1616524382030,205.0,0.0,709.6484294514760,FALSE,58.342310904287200,294.8064738546620,205.0,0.0,300.5240127980990,FALSE,647.5641033380880,207.10601673032900,205.0,0.0,679.8765844607130,FALSE,249.23212879474800,298.11446935623200,205.0,0.0,388.5728900259380
207,FALSE,579.6577276863070,408.25726081042400,206.0,0.0,708.9972300868910,FALSE,57.35482022091080,294.78852710532800,206.0,0.0,300.3162518337990,FALSE,648.1080212672480,206.14689142613000,206.0,0.0,680.1033363214770,FALSE,248.625440252884,295.5375816214140,206.0,0.0,386.2085857300100
208,FALSE,578.3863682545500,409.0773437619430,207.0,0.0,708.4314110498030,FALSE,54.88307111997560,294.24730551679900,207.0,0.0,299.3219475739410,FALSE,648.1584295040230,205.9555879694580,207.0,0.0,680.0934156077140,FALSE,247.77506753952100,293.09092089211700,207.0,0.0,383.7900102967810
209,FALSE,577.9984945612960,409.30655162119600,208.0,0.0,708.2472117242390,FALSE,52.972320178612100,293.7822740352790,208.0,0.0,298.51983391802400,FALSE,647.910334919439,206.73523102202000,208.0,0.0,680.0935655048850,FALSE,246.74018382351700,290.33418119635300,208.0,0.0,381.01791963662200
210,FALSE,577.7908666262120,409.4970323248280,209.0,0.0,708.1879023532600,FALSE,50.99563155726560,293.54593972595400,209.0,0.0,297.9425668942220,FALSE,647.1330614694740,208.0151873286900,209.0,0.0,679.7437145029320,FALSE,245.9382724654680,288.40428777820500,209.0,0.0,379.02858345005100
211,FALSE,577.9688200642870,409.4859877044500,210.0,0.0,708.3267121129860,FALSE,49.27791475782020,293.1880789498670,210.0,0.0,297.3004583265760,FALSE,645.027113922863,211.06093240377600,210.0,0.0,678.6801123377710,FALSE,245.04568371169300,287.0175175614010,210.0,0.0,377.39427988887100
212,FALSE,579.3932327193630,408.67880316737200,211.0,0.0,709.0238940115550,FALSE,47.29390536189640,292.5226149407680,211.0,0.0,296.32109903981600,FALSE,645.361082644998,210.604735771354,211.0,0.0,678.8558622579950,FALSE,244.1935487588120,285.8309330277820,211.0,0.0,375.93857414603600
213,FALSE,581.2202116152130,407.3921963471470,212.0,0.0,709.7783710670430,FALSE,45.07991517580540,291.99200520074300,212.0,0.0,295.4514001547600,FALSE,645.9854461448060,209.82985407759700,212.0,0.0,679.2096615133870,FALSE,242.31665452475800,283.50349873186400,212.0,0.0,372.94985568207300
214,FALSE,583.2756302768890,406.07002148381100,213.0,0.0,710.7062144253170,FALSE,43.542942601697000,291.5098799637010,213.0,0.0,294.7439532320650,FALSE,646.6963736870730,208.79831110824200,213.0,0.0,679.5681970646250,FALSE,241.8331421259480,281.0586875459840,213.0,0.0,370.7792530274320
215,FALSE,585.0816963666030,405.09378702202100,214.0,0.0,711.6330288196750,FALSE,41.471007951857000,290.4428736310900,214.0,0.0,293.3886626024050,FALSE,646.6153779852500,208.27179656687900,214.0,0.0,679.3295137797290,FALSE,242.25708345025400,278.9921175957980,214.0,0.0,369.4930258643740
216,FALSE,586.2990410511640,404.51455079290700,215.0,0.0,712.3051223602860,FALSE,39.70075052242210,289.2791922576330,215.0,0.0,291.9907544174510,FALSE,646.3176095256450,208.03839069268600,215.0,0.0,678.9745388340760,FALSE,242.95958834808000,277.25580209315500,215.0,0.0,368.6463635580690
217,FALSE,587.3722636373100,403.8505969555370,216.0,0.0,712.812374157296,FALSE,37.93117601362050,288.3601827402260,216.0,0.0,290.84423512208800,FALSE,646.2607235764880,208.13107533109900,216.0,0.0,678.948795827848,FALSE,243.73020138796800,274.62615559104000,216.0,0.0,367.18379104112700
218,FALSE,589.0777797809910,402.1534199070390,217.0,0.0,713.2601234995750,FALSE,36.57380768386950,287.08622390103700,217.0,0.0,289.4065364884720,FALSE,646.4696770453150,208.64815141854300,217.0,0.0,679.3063332764160,FALSE,244.48624081424700,271.94961488885800,217.0,0.0,365.69128371575900
219,FALSE,589.0494410218970,402.4244542191620,218.0,0.0,713.3895747218340,FALSE,35.675190567527000,285.99465900223400,218.0,0.0,288.211145169359,FALSE,646.4389417183480,210.00085245449800,218.0,0.0,679.6938012087160,FALSE,244.96754687025100,268.8373806638040,218.0,0.0,363.70679985642700
220,FALSE,588.7885648630400,403.2137533297090,219.0,0.0,713.6198602811650,FALSE,34.83237326531910,284.476890363518,219.0,0.0,286.60145739020900,FALSE,645.5707851714270,212.00083922624300,219.0,0.0,679.4895102203440,FALSE,244.9342670161200,266.02268499747000,219.0,0.0,361.6087168362890
221,FALSE,588.0080814645880,403.72169929685400,220.0,0.0,713.263425636563,FALSE,34.40851055537020,283.8868177692300,220.0,0.0,285.9644574099710,FALSE,644.7127315305180,213.215692652738,220.0,0.0,679.0548120666910,FALSE,244.56635723409300,263.64093692582600,220.0,0.0,359.60985347162200
222,FALSE,588.8080484606150,404.0576387793440,221.0,0.0,714.1130816529940,FALSE,34.83955811941520,284.6549749595680,221.0,0.0,286.77909543617000,FALSE,643.5464261899370,214.48248665632200,221.0,0.0,678.3470643734810,FALSE,244.14817181160300,261.4081191672260,221.0,0.0,357.6905569979370
223,FALSE,589.8288167994810,404.5898915256980,222.0,0.0,715.2559076665160,FALSE,35.4831824150396,285.09966461090000,222.0,0.0,287.2992777497830,FALSE,641.357246930653,216.06463455296300,222.0,0.0,676.7739980931390,FALSE,243.3788762101120,258.4702229553360,222.0,0.0,355.0213142050460
224,FALSE,590.577478854935,405.14107240030700,223.0,0.0,716.1850648235570,FALSE,35.95323537299660,285.43202751799500,223.0,0.0,287.6874649108290,FALSE,640.8136434399930,216.47654836505000,223.0,0.0,676.3905836207990,FALSE,242.65567624438300,255.70365553197600,223.0,0.0,352.51402336082300
225,FALSE,592.4694982632950,405.64822778588500,224.0,0.0,718.0324443074910,FALSE,35.15574620322710,285.332700680164,224.0,0.0,287.4903069123230,FALSE,642.2024254593990,215.5586284927670,224.0,0.0,677.4138156131880,FALSE,241.99150605387500,253.3527851322520,224.0,0.0,350.3534254670440
226,FALSE,593.9606285990530,405.8453110915860,225.0,0.0,719.374481658064,FALSE,35.31131506454270,284.892929341414,225.0,0.0,287.0729352626600,FALSE,642.9322769270820,215.3149760494940,225.0,0.0,678.0283560632520,FALSE,241.06254228652100,251.6660020021020,225.0,0.0,348.4923612611370
227,FALSE,594.9956905850680,405.9051629168480,226.0,0.0,720.263058262295,FALSE,34.483713116261000,282.71090285276500,226.0,0.0,284.80621668445000,FALSE,642.9872922167870,215.6128281299010,226.0,0.0,678.1751614490540,FALSE,239.35377296400000,248.9257152998010,226.0,0.0,345.3320726049340
228,FALSE,597.033534472149,405.81222630826700,227.0,0.0,721.8951477227000,FALSE,33.26333750942990,280.83654881844700,227.0,0.0,282.7996053295020,FALSE,642.5542494507460,215.74969523902200,227.0,0.0,677.8081546300130,FALSE,238.05513175116400,247.1470525330770,227.0,0.0,343.1499837226450
229,FALSE,598.863801468661,405.95180850695500,228.0,0.0,723.4878876246400,FALSE,32.77930089647840,279.6104339723890,228.0,0.0,281.52526947592000,FALSE,642.112130166597,216.16874766820200,228.0,0.0,677.5226307478770,FALSE,236.71071808457100,245.55485844136700,228.0,0.0,341.0705976191340
230,FALSE,599.909228129933,405.82224008016200,229.0,0.0,724.2808657828350,FALSE,32.384022739728000,277.8071637868790,229.0,0.0,279.6883000415230,FALSE,641.7907097557470,216.63186038585700,229.0,0.0,677.3659853159320,FALSE,235.33365941476900,244.45124334255600,229.0,0.0,339.3204114480420
231,FALSE,601.1642411430310,405.7901790095870,230.0,0.0,725.3027741638030,FALSE,31.718106822818100,275.62418058413100,230.0,0.0,277.44319638999500,FALSE,640.8932962892420,218.06154123145800,230.0,0.0,676.9749278907820,FALSE,233.52678694173200,242.50051916043300,230.0,0.0,336.6619402492780
232,FALSE,603.1077801300300,406.07546605230200,231.0,0.0,727.073777950331,FALSE,31.605903725019300,274.85012343777300,231.0,0.0,276.6613878083360,FALSE,640.4214806348570,219.63317761093400,231.0,0.0,677.0364876179270,FALSE,233.37279293431500,242.27588583600900,231.0,0.0,336.39331940391700
233,FALSE,605.5441177175430,406.4153842659320,232.0,0.0,729.285364634683,FALSE,32.0692928706791,276.6811046045680,232.0,0.0,278.5334328055240,FALSE,640.2398017596960,220.32955889870000,232.0,0.0,677.0909232014490,FALSE,234.939201080294,244.0074196403180,232.0,0.0,338.72710113566800
234,FALSE,609.5334711315660,406.3679760681620,233.0,0.0,732.5749002002660,FALSE,32.344530951025400,277.29317234378200,233.0,0.0,279.1731937542000,FALSE,640.1590247384000,221.309745661263,233.0,0.0,677.334171940758,FALSE,237.03789556093800,246.14821958884700,233.0,0.0,341.7249038901280
235,FALSE,611.0059587652970,406.2867855763780,234.0,0.0,733.7555681428840,FALSE,31.715679718768800,277.0511554434360,234.0,0.0,278.86058716241400,FALSE,640.1255597758830,221.6776476104960,234.0,0.0,677.4228455909290,FALSE,238.7236693295880,248.0942191003120,234.0,0.0,344.295994529672
236,FALSE,612.1814479460470,406.34794486943900,235.0,0.0,734.7685196774130,FALSE,30.781421519976500,276.20592505363000,235.0,0.0,277.91583068533900,FALSE,639.9711665848430,222.46162112787500,235.0,0.0,677.5339599863660,FALSE,240.64222230865700,251.29365782072800,235.0,0.0,347.93272570795900
237,FALSE,613.1204290898750,406.5467040918500,236.0,0.0,735.660847928785,FALSE,29.621803172826700,275.04755091682400,236.0,0.0,276.6380423740610,FALSE,639.9090715145030,222.83186732652700,236.0,0.0,677.5969752757020,FALSE,241.4944437618780,253.04282201099400,236.0,0.0,349.78598619605500
238,FALSE,614.3670041397250,406.4756386235310,237.0,0.0,736.6608857337460,FALSE,28.110038639623300,273.53008054791800,237.0,0.0,274.9706879594100,FALSE,639.8986015933900,224.17457591327500,237.0,0.0,678.0298376967440,FALSE,242.33484661146500,255.00943782385600,237.0,0.0,351.78969749189900
239,FALSE,615.4328597421710,406.64934622399100,238.0,0.0,737.6457792428730,FALSE,26.720821126065500,271.8397868570140,238.0,0.0,273.14990756015000,FALSE,639.9179960334170,222.937872837069,238.0,0.0,677.6402709347650,FALSE,243.55864980849500,258.44746666103000,238.0,0.0,355.12801765003200
240,FALSE,616.1232659234730,406.7006759336270,239.0,0.0,738.2501734622730,FALSE,25.732436030429900,269.74229060834500,239.0,0.0,270.966901312129,FALSE,640.0845152404830,221.00337002673300,239.0,0.0,677.1636997165580,FALSE,244.0329314544220,260.8323593630940,239.0,0.0,357.191253147606
241,FALSE,616.8831732022420,406.94811832913300,240.0,0.0,739.0207171600060,FALSE,25.537743405963300,267.763450379757,240.0,0.0,268.9785153084560,FALSE,640.3448178531190,219.64232077415000,240.0,0.0,676.9669377646140,FALSE,244.49013827650400,262.71331703764200,240.0,0.0,358.87841208880900
242,FALSE,617.8406920523610,407.26909830583,241.0,0.0,739.9967832298900,FALSE,26.149148102044100,265.41476047719600,241.0,0.0,266.6997807003790,FALSE,640.2061377319000,220.331144568146,241.0,0.0,677.0596074617840,FALSE,244.89031734612100,264.98695827079800,241.0,0.0,360.81762094373000
243,FALSE,618.2907136559320,407.4110236615610,242.0,0.0,740.4506389990640,FALSE,26.918195394590600,264.2697963469710,242.0,0.0,265.63718584673100,FALSE,640.0298975629540,221.13238582955200,242.0,0.0,677.1541935461340,FALSE,245.42653112015100,268.35436477373700,242.0,0.0,363.6595210781450
244,FALSE,618.0009191844290,407.2315669203530,243.0,0.0,740.1099142757140,FALSE,27.585558303494900,262.9375367739970,243.0,0.0,264.3806181846410,FALSE,639.8122439124980,221.6798648244060,243.0,0.0,677.1275137881440,FALSE,245.73065067397200,270.444036376951,243.0,0.0,365.40871567672200
245,FALSE,618.1073961734680,407.45449144841800,244.0,0.0,740.32149489653,FALSE,26.88162936450350,263.467860970254,244.0,0.0,264.8356769046260,FALSE,639.6806432076820,221.90230944614700,244.0,0.0,677.0760372603120,FALSE,245.82452521736200,270.8409249093170,244.0,0.0,365.76564054606800
246,FALSE,618.3122308831620,407.4997508986820,245.0,0.0,740.517428452701,FALSE,27.0066950940393,263.41193339202600,245.0,0.0,264.79276469199000,FALSE,639.5856738171760,222.26049044649100,245.0,0.0,677.1038027996040,FALSE,245.51921692744600,270.17904833215800,245.0,0.0,365.07040969974200