,obs_1_in_lawn,obs_1_x,obs_1_y,obs_1_t,obs_1_z,obs_1_speed,obs_2_in_lawn,obs_2_x,obs_2_y,obs_2_t,obs_2_z,obs_2_speed,obs_3_in_lawn,obs_3_x,obs_3_y,obs_3_t,obs_3_z,obs_3_speed
1,TRUE,553.8171117388080,321.80433208765600,0.0,0.0,640.5243331873480,TRUE,411.41047946271700,341.2510236780280,0.0,0.0,534.5192641739340,TRUE,608.4773947233790,362.6562403651120,0.0,0.0,708.3532230216140
2,TRUE,553.9523446982660,321.2818788462310,1.0,0.0,640.3789861259280,TRUE,411.0365619689510,341.53831157876800,1.0,0.0,534.4150760891120,TRUE,608.528909637384,362.99219855523500,1.0,0.0,708.5695238128910
3,TRUE,553.8729806433390,321.2727645151100,2.0,0.0,640.3057612624750,TRUE,411.07410617824600,341.36598190695800,2.0,0.0,534.3338416884580,TRUE,608.5476344048010,363.08020898802600,2.0,0.0,708.6306947193780
4,TRUE,554.2092427890350,320.15146444337800,3.0,0.0,640.0350341801890,TRUE,410.25654657523800,341.85631264816300,3.0,0.0,534.0188877794860,TRUE,608.7349141771730,363.4039382003140,3.0,0.0,708.9574162372430
5,TRUE,555.0485514335470,318.8301085998890,4.0,0.0,640.1027515940670,TRUE,410.1272374876760,341.8786366573270,4.0,0.0,533.9338471495750,TRUE,608.7431884466310,363.50122775451400,4.0,0.0,709.0143948180530
6,TRUE,555.6712202937710,318.232906580611,5.0,0.0,640.3457565202670,TRUE,410.01797846470800,342.0227565536170,5.0,0.0,533.9422334530400,TRUE,609.004633742593,364.10092889401600,5.0,0.0,709.5464257830030
7,TRUE,556.9477301296500,317.48542001368900,6.0,0.0,641.0832754157900,TRUE,409.159319849364,342.62106674117200,6.0,0.0,533.6670726159270,TRUE,608.8834618544340,363.89522797581400,6.0,0.0,709.3368784036320
8,TRUE,557.2586951295120,317.1874926452030,7.0,0.0,641.2060189892140,TRUE,408.58105454294600,343.0992661422410,7.0,0.0,533.5312404712300,TRUE,608.8281694422020,363.7614732429610,7.0,0.0,709.2208043495570
9,TRUE,557.1543824445590,317.19233872227300,8.0,0.0,641.1177626780300,TRUE,407.9404791729310,343.4489328237600,8.0,0.0,533.2659786688250,TRUE,608.9332016406110,363.8823156122590,8.0,0.0,709.3729510459390
10,TRUE,557.0373241296030,317.2188789199770,9.0,0.0,641.0291706441420,TRUE,407.5095718306220,343.91054149498200,9.0,0.0,533.2340121231470,TRUE,609.1926629797220,364.3446259035840,9.0,0.0,709.8328726208360
11,TRUE,558.0196210554790,316.7070393449240,10.0,0.0,641.6301475566180,TRUE,407.0760414499430,344.1832092709400,10.0,0.0,533.0787794187650,TRUE,609.4448792417260,365.3138105789700,10.0,0.0,710.547142020633
12,TRUE,558.3134625095880,316.61373465875100,11.0,0.0,641.8396835612510,TRUE,406.6978442945420,344.58686883809000,11.0,0.0,533.0508856849100,TRUE,609.7353883855470,365.9464811326480,11.0,0.0,711.1216990804320
13,TRUE,559.2391342490860,316.2078966713100,12.0,0.0,642.445206374023,TRUE,406.78989085611700,344.641506852652,12.0,0.0,533.1564344058860,TRUE,609.56739172325,365.4790118526740,12.0,0.0,710.7371617954790
14,TRUE,559.4820051560520,316.13016539016200,13.0,0.0,642.6183903087810,TRUE,406.94360575313100,344.507630009703,13.0,0.0,533.1872142111650,TRUE,609.5327172466050,365.5062784947560,13.0,0.0,710.7214454433720
15,TRUE,559.7009414148710,316.06724939276000,14.0,0.0,642.7780720897360,TRUE,407.60422776588200,343.926712141015,14.0,0.0,533.3167818630400,TRUE,609.5235477095390,365.51014218471900,14.0,0.0,710.7155684606300
16,TRUE,559.4079702446480,316.12004542426500,15.0,0.0,642.5489555608000,TRUE,407.6657376929550,343.774258221287,15.0,0.0,533.2655007633040,TRUE,609.7096485176240,366.00112475572000,15.0,0.0,711.1277514047220
17,TRUE,559.6687700339720,316.0455731118990,16.0,0.0,642.7394000953790,TRUE,407.4862080409090,343.923028852525,16.0,0.0,533.2242113020130,TRUE,609.9151801026180,366.62570311540100,16.0,0.0,711.6255568095280
18,TRUE,560.8523114376020,315.6224870187960,17.0,0.0,643.5626384096820,TRUE,406.0935565552750,345.14805117292900,17.0,0.0,532.9532380089110,TRUE,609.3827481008740,364.7884136428860,17.0,0.0,710.2238523247910
19,TRUE,561.3259116398420,315.5852342969390,18.0,0.0,643.9571563268430,TRUE,405.19144326380200,345.74407435391700,18.0,0.0,532.6528612943420,TRUE,609.1296163976230,364.61689018117900,18.0,0.0,709.9185630606580
20,TRUE,562.8719999690630,314.9836510621490,19.0,0.0,645.0113090369930,TRUE,404.8242596371120,346.02172912703000,19.0,0.0,532.5539580350480,TRUE,609.1504936701850,364.7727969466490,19.0,0.0,710.0165613074890
21,TRUE,565.0438358076020,314.45751987089900,20.0,0.0,646.6514271131900,TRUE,404.6838619353220,346.2179302031830,20.0,0.0,532.5747678073590,TRUE,608.998052982348,364.31340769460100,20.0,0.0,709.649834469327
22,TRUE,567.0784073486750,313.710847928097,21.0,0.0,648.0682187770630,TRUE,404.7467249386500,346.02704180411200,21.0,0.0,532.4984741839810,TRUE,609.0713987921370,364.22124185802400,21.0,0.0,709.6654717873850
23,TRUE,567.5662004453290,313.55308508364200,22.0,0.0,648.4187914098550,TRUE,404.8884303772200,345.87364494740900,22.0,0.0,532.506543924613,TRUE,609.1097769868100,364.3944363994530,22.0,0.0,709.7873101850980
24,TRUE,567.7051512419990,313.48522492812900,23.0,0.0,648.5076136753830,TRUE,404.8480549466720,345.96711370705600,23.0,0.0,532.536563402828,TRUE,609.0371316174260,364.23877789664400,23.0,0.0,709.6450626985460
25,TRUE,568.4830597337450,313.1096195087150,24.0,0.0,649.0074136965870,TRUE,404.4972208232370,346.18020068203900,24.0,0.0,532.408426866047,TRUE,609.2126914102340,364.42607567820300,24.0,0.0,709.8918706461680
26,TRUE,569.0184117201770,312.8529565166340,25.0,0.0,649.3526971359640,TRUE,404.62879289439200,346.19456194559500,25.0,0.0,532.5177318736670,TRUE,609.1977174630930,364.33628202045000,25.0,0.0,709.8329277785920
27,TRUE,569.2345868599890,312.6301825446330,26.0,0.0,649.4348665690440,TRUE,404.3062880496450,346.37605678300200,26.0,0.0,532.3907843577160,TRUE,609.0940876450680,364.1599875487030,26.0,0.0,709.6535099156830
28,TRUE,570.0234671192200,311.95962759807600,27.0,0.0,649.8042492302940,TRUE,403.73981412814700,346.88701903045100,27.0,0.0,532.2935670136010,TRUE,609.1391751363940,364.1919687188940,27.0,0.0,709.708619621595
29,TRUE,570.1012579832880,311.80430718677000,28.0,0.0,649.7979457757230,TRUE,403.25872330504400,347.107981540831,28.0,0.0,532.0728791913410,TRUE,609.2749715655610,364.5911517149390,28.0,0.0,710.0300690006300
30,TRUE,570.638613046171,311.3892543649650,29.0,0.0,650.070530352843,TRUE,402.63179831317100,347.62868932172400,29.0,0.0,531.9380327185100,TRUE,609.4376678555030,364.9498588259200,29.0,0.0,710.3539050770500
31,TRUE,571.0916331517680,310.99876530246200,30.0,0.0,650.2813894581400,TRUE,402.5745654540760,347.7667640099560,30.0,0.0,531.9849649195880,TRUE,609.5686521245680,365.1498233947250,30.0,0.0,710.5690221070440
32,TRUE,571.5929997217230,310.31673787059900,31.0,0.0,650.3960602075690,TRUE,402.34374013148600,347.88228133553800,31.0,0.0,531.885858892875,TRUE,609.7745035752350,365.7995461738870,31.0,0.0,711.0796391343560
33,TRUE,571.8037927625700,310.0853214693400,32.0,0.0,650.4709709190750,TRUE,401.8832213174700,348.22808317466100,32.0,0.0,531.7639715964270,TRUE,609.7749666245160,365.6111864388420,32.0,0.0,710.9831570235320
34,TRUE,572.2774476397770,309.4471678089850,33.0,0.0,650.5836047289390,TRUE,401.10776740822400,349.1514045773420,33.0,0.0,531.7839264151750,TRUE,609.7217513910570,365.3552261841380,33.0,0.0,710.805919657005
35,TRUE,572.7717797660780,308.8878310298220,34.0,0.0,650.7527978078220,TRUE,400.7516942945010,349.53983316169600,34.0,0.0,531.7706417682530,TRUE,609.7504379142930,365.57411678587300,34.0,0.0,710.9430577763900
36,TRUE,572.8248186055900,308.80333715356800,35.0,0.0,650.7593824507690,TRUE,399.6042227774220,350.88132418052800,35.0,0.0,531.790596494737,TRUE,609.7569496978140,365.65508759053500,35.0,0.0,710.9902817800150
37,TRUE,573.1725972924740,308.29764891327300,36.0,0.0,650.8258343154890,TRUE,398.82891468188200,351.70650802761000,36.0,0.0,531.7536750933680,TRUE,609.4151904945700,365.0362421687390,36.0,0.0,710.3790062369580
38,TRUE,574.2797342293110,306.92637138142000,37.0,0.0,651.1535998486480,TRUE,398.29889623941200,352.1354828506110,37.0,0.0,531.64030041746,TRUE,608.7138184522650,363.3654474318630,37.0,0.0,708.9195731266660
39,TRUE,574.9323753174050,306.2077899357760,38.0,0.0,651.3911626706850,TRUE,397.9095258965930,352.4887108756590,38.0,0.0,531.5828083130940,TRUE,608.6036042032400,363.1716604725780,38.0,0.0,708.7256182893230
40,TRUE,575.6440477584620,305.65976406001300,39.0,0.0,651.7621967289670,TRUE,397.57920149042700,352.8341093090780,39.0,0.0,531.5647939336240,TRUE,608.5569080515950,363.11402449779300,39.0,0.0,708.655985033854
41,TRUE,575.9348188602300,305.2458882122510,40.0,0.0,651.8251052591110,TRUE,397.4598625334090,352.90774132629500,40.0,0.0,531.5244267323030,TRUE,608.4445213432770,362.97898245125600,40.0,0.0,708.4902802819520
42,TRUE,575.9351621827280,305.2645901746570,41.0,0.0,651.8341668345920,TRUE,396.98170463719800,353.47824248223000,41.0,0.0,531.5461802374100,TRUE,608.5515547678680,363.0515032454160,41.0,0.0,708.6193539687900
43,TRUE,574.4356481321270,306.6803567662920,42.0,0.0,651.1752107315480,TRUE,396.887915640457,353.46793929695900,42.0,0.0,531.4692857468490,TRUE,608.5136058968180,363.11126810475000,42.0,0.0,708.6173873016300
44,TRUE,573.5539994554150,307.9336825318700,43.0,0.0,650.989510767217,TRUE,397.14515358335700,353.404020443793,43.0,0.0,531.6189186631570,TRUE,608.5562209648530,363.1255903922850,43.0,0.0,708.6613214171970
45,TRUE,573.4144388116640,307.9022525422120,44.0,0.0,650.8516849162050,TRUE,397.0617721135690,353.22242129731400,44.0,0.0,531.4359131457950,TRUE,608.6445549022220,363.2468929340500,44.0,0.0,708.7993365109520
46,TRUE,573.349284450344,308.1675021383210,45.0,0.0,650.919819450824,TRUE,396.9409218399230,353.28913514142200,45.0,0.0,531.3899777377270,TRUE,608.6421796406290,363.0945219183720,45.0,0.0,708.7192213315700
47,TRUE,573.4841300744410,307.93878282131000,46.0,0.0,650.9303660244380,TRUE,396.61456461465500,353.54086792316600,46.0,0.0,531.3137097387360,TRUE,608.8053319141210,363.45946340109400,46.0,0.0,709.0463410122600
48,TRUE,573.6241787403490,307.76673548472700,47.0,0.0,650.9723971924360,TRUE,396.4331635165740,353.6371139503520,47.0,0.0,531.242375473656,TRUE,608.9490828553680,363.95358960925600,47.0,0.0,709.4231465774550
49,TRUE,573.6456505691280,307.634477157503,48.0,0.0,650.9288009858280,TRUE,396.02979187414000,353.8609242518570,48.0,0.0,531.0905287841740,TRUE,609.1457803194670,364.3842722855320,48.0,0.0,709.8129891528250
50,TRUE,573.8956740138550,307.436210362622,49.0,0.0,651.0555030824540,TRUE,395.30972652788000,354.1552377711480,49.0,0.0,530.7501411476830,TRUE,609.3696034704480,364.60275118531300,49.0,0.0,710.1172296217230
51,TRUE,574.3672157144170,306.9689786526530,50.0,0.0,651.2508367308140,TRUE,394.93982167845800,354.3490243635000,50.0,0.0,530.6040838655280,TRUE,609.3404741556180,364.76408520387900,50.0,0.0,710.1750849606150
52,TRUE,574.33598860041,306.8476121873420,51.0,0.0,651.1660962509360,TRUE,394.3981565762670,354.6303516563320,51.0,0.0,530.3890951241850,TRUE,609.360438450589,364.7663241050160,51.0,0.0,710.1933646196500
53,TRUE,574.7528694960770,306.6064171614210,52.0,0.0,651.420260690852,TRUE,393.855856729841,354.91683440506800,52.0,0.0,530.1777015534620,TRUE,609.2312667563300,364.67840162330400,52.0,0.0,710.0373743712720
54,TRUE,575.2590157245830,306.2181755164360,53.0,0.0,651.6843608596350,TRUE,392.521167964074,355.52241255388300,53.0,0.0,529.5932902973890,TRUE,609.4189027516390,364.74581671873000,53.0,0.0,710.2329968713260
55,TRUE,575.6433282823900,305.9541816798680,54.0,0.0,651.8996875926730,TRUE,392.4598676408070,355.7701649590640,54.0,0.0,529.714222938784,TRUE,608.5577277618210,363.2098771571900,54.0,0.0,708.70580841642
56,TRUE,575.9857730437290,305.87275820549400,55.0,0.0,652.1639019150160,TRUE,391.8164878841130,356.1741588410550,55.0,0.0,529.5093876448030,TRUE,608.3828699510960,362.525351028777,55.0,0.0,708.2050173420610
57,TRUE,575.9464538916880,305.87428963317700,56.0,0.0,652.1298941231040,TRUE,390.9295768476960,356.31650164482800,56.0,0.0,528.9493202554740,TRUE,608.4699057990380,362.5196257672550,56.0,0.0,708.2768564124630
58,TRUE,576.1567955496310,305.72665274018500,57.0,0.0,652.2464559150450,TRUE,390.86448176430600,356.40029538262100,57.0,0.0,528.9576671660020,TRUE,608.1329662845710,361.6729602294570,57.0,0.0,707.5542628259760
59,TRUE,576.3712724773040,305.5952604424960,58.0,0.0,652.3743610397510,TRUE,391.00991591572600,356.56931136735000,58.0,0.0,529.1790133342490,TRUE,607.9962751126840,360.8048928039330,58.0,0.0,706.9933813142490
60,TRUE,576.7269959940310,305.5089600038210,59.0,0.0,652.6482609728730,TRUE,389.94458510369900,356.9043204861490,59.0,0.0,528.618457333241,TRUE,608.2010455852110,361.8483638577290,59.0,0.0,707.702444730452
61,TRUE,577.294338093089,305.34063712352500,60.0,0.0,653.0709436755990,TRUE,389.7520295232620,357.07522418792200,60.0,0.0,528.5918654750150,TRUE,609.4335922300760,364.1423050640290,60.0,0.0,709.9358574376980
62,TRUE,578.6331780303000,305.1002970794560,61.0,0.0,654.1426037152880,TRUE,389.78802790708100,357.19191423511300,61.0,0.0,528.697238780983,TRUE,610.3514761962750,364.65823418229400,61.0,0.0,710.9884332757600
63,TRUE,580.1695593703540,305.2341824983300,62.0,0.0,655.5643551821700,TRUE,389.4004544355650,357.11660221550100,62.0,0.0,528.3606547544670,TRUE,611.9184819081320,365.5253053408220,62.0,0.0,712.7783507832240
64,TRUE,581.0067826969140,305.4042871453240,63.0,0.0,656.384536797267,TRUE,388.86415562975900,357.38469087258100,63.0,0.0,528.1469007802050,TRUE,612.0674284151410,365.5686291717670,63.0,0.0,712.9284392989590
65,TRUE,581.9040275792190,305.54255215463800,64.0,0.0,657.243142596472,TRUE,389.09594447812800,357.4469485369990,64.0,0.0,528.3597023124850,TRUE,612.3360628870860,365.76530151361600,64.0,0.0,713.259917353698
66,TRUE,581.9412119132550,305.54499946088800,65.0,0.0,657.2772024181440,TRUE,389.20968734991600,357.3591745118620,65.0,0.0,528.3841030300010,TRUE,612.7122277687890,365.8648746086010,65.0,0.0,713.6339261342330
67,TRUE,581.7301942424200,305.64115639274400,66.0,0.0,657.1350967452710,TRUE,389.5256580206990,357.2460354635960,66.0,0.0,528.5404129401230,TRUE,612.3212034790530,365.69069729858000,66.0,0.0,713.2089051047790
68,TRUE,582.0147655163270,305.77677100237900,67.0,0.0,657.4500900932840,TRUE,389.65989644644200,357.1802690128010,67.0,0.0,528.5949105607320,TRUE,612.1198093849810,365.5891004717850,67.0,0.0,712.9839068487270
69,TRUE,582.5157209343370,306.007311170301,68.0,0.0,658.0007899883760,TRUE,389.3790148330080,357.2342566690030,68.0,0.0,528.4243856316430,TRUE,611.8174447962490,365.4227192898940,68.0,0.0,712.6390036548890
70,TRUE,582.577649411544,305.96746990686500,69.0,0.0,658.0370887990190,TRUE,389.4790235700600,357.1916128164920,69.0,0.0,528.4692593401570,TRUE,611.4219911839630,365.3016131587540,69.0,0.0,712.2374041566130
71,TRUE,582.5888134138840,305.9747694231230,70.0,0.0,658.0503666426540,TRUE,389.4469150675260,357.2142986883060,70.0,0.0,528.4609302900180,TRUE,611.6005093289560,365.2492223865730,70.0,0.0,712.3637957290040
72,TRUE,583.0261877024110,306.21712540085700,71.0,0.0,658.5502740380350,TRUE,390.76377081467700,356.5586490394840,71.0,0.0,528.9899760734290,TRUE,611.4682261816500,365.2373470962830,71.0,0.0,712.2441374582630
73,TRUE,583.7278125395060,306.46172789116800,72.0,0.0,659.2851809302230,TRUE,391.8535129971510,356.22181873202100,72.0,0.0,529.5688432951440,TRUE,611.1169372607630,365.0497038733210,72.0,0.0,711.8463298388030
74,TRUE,584.6882643478320,306.9574654797020,73.0,0.0,660.3659985794270,TRUE,392.4979765952200,355.90689620087300,73.0,0.0,529.8342952232150,TRUE,611.3385813105370,365.10594574453400,73.0,0.0,712.0654552896030
75,TRUE,585.4743566567400,307.23640538307000,74.0,0.0,661.1916750045580,TRUE,391.94087901208500,356.1608399154730,74.0,0.0,529.5924815648920,TRUE,611.6480899207150,365.32660387133200,74.0,0.0,712.444323017469
76,TRUE,585.6303867610470,307.2456904854410,75.0,0.0,661.334154735538,TRUE,392.2056384077300,356.151407783917,75.0,0.0,529.7821137649710,TRUE,611.3352206880330,365.12840280695300,75.0,0.0,712.0740850431530
77,TRUE,586.7261310214840,307.60643986237700,76.0,0.0,662.4720935014900,TRUE,392.03614934392900,356.12845152016300,76.0,0.0,529.6412147619980,TRUE,611.6328317864510,365.1529523574780,76.0,0.0,712.3421927237610
78,TRUE,587.9768136165520,308.1125358143770,77.0,0.0,663.8147844667520,TRUE,391.39926046933600,356.3663004610490,77.0,0.0,529.3300682941010,TRUE,611.4214262437930,365.13555274577200,77.0,0.0,712.1517621609560
79,TRUE,589.6477717231540,308.92586229364900,78.0,0.0,665.6723541592780,TRUE,391.5205919080520,356.4423140603770,78.0,0.0,529.4709596764950,TRUE,610.8540377393240,364.8103988811150,78.0,0.0,711.497914652062
80,TRUE,591.2248687683010,309.7293856174090,79.0,0.0,667.4422355268150,TRUE,391.0174933966200,356.5565981897000,79.0,0.0,529.176046183864,TRUE,610.5525329016050,364.8316214404680,79.0,0.0,711.2499612902950
81,TRUE,592.3053098769330,310.3620022058610,80.0,0.0,668.6928686038460,TRUE,391.248449134899,356.5763070409970,80.0,0.0,529.3600019773490,TRUE,610.037334387393,364.29893312027100,80.0,0.0,710.5344903796320
82,TRUE,593.739018219815,311.1027899597610,81.0,0.0,670.30662213451,TRUE,391.18502276458600,356.6370840560380,81.0,0.0,529.3540703152510,TRUE,610.4659077701510,364.57373191132100,81.0,0.0,711.0433394311360
83,TRUE,595.5843537726000,312.3872521999130,82.0,0.0,672.5373727873700,TRUE,391.2021225602210,356.56981521287100,82.0,0.0,529.3213899102910,TRUE,611.0130388692950,365.0234588026590,82.0,0.0,711.7436751700340
84,TRUE,598.0029686509940,314.0478793034000,83.0,0.0,675.4506799244220,TRUE,391.4310455034380,356.4747189403300,83.0,0.0,529.4265658497890,TRUE,611.0473984228900,365.00356136800400,83.0,0.0,711.7629682209570
85,TRUE,599.827810068075,315.15747468203000,84.0,0.0,677.5821983929460,TRUE,391.1047464153820,356.63411136961900,84.0,0.0,529.2927470323380,TRUE,610.9492169455460,364.8960683134820,84.0,0.0,711.6235566344140
86,TRUE,601.7448275875880,316.13289071389600,85.0,0.0,679.7329196968020,TRUE,390.9685163847250,356.7493507758920,85.0,0.0,529.2697611644690,TRUE,611.6923336355510,365.52494034835100,85.0,0.0,712.5840252525820
87,TRUE,602.8379131455510,316.270940097223,86.0,0.0,680.7649058784270,TRUE,390.71710700882400,356.6472400068900,86.0,0.0,529.0152280548050,TRUE,611.8066064949650,365.50489862839000,86.0,0.0,712.6718422052570
88,TRUE,603.5032283393950,316.35712859743700,87.0,0.0,681.3941439655080,TRUE,390.8683051160900,356.701638856081,87.0,0.0,529.1635768899240,TRUE,612.2519773850480,365.5333314128610,87.0,0.0,713.0687906406260
89,TRUE,603.3059244190070,316.29061009430100,88.0,0.0,681.1885117006140,TRUE,390.4742796513750,356.7994772082350,88.0,0.0,528.9385881227890,TRUE,611.8202045962750,365.32155637387100,88.0,0.0,712.589504766703
90,TRUE,603.3171500880380,316.3308260793340,89.0,0.0,681.2171277341650,TRUE,390.51260560502300,356.7269794160160,89.0,0.0,528.9179832258490,TRUE,611.5633323015190,365.29335491271100,89.0,0.0,712.3545076428740
91,TRUE,603.3192814349940,316.326831228474,90.0,0.0,681.2171603140110,TRUE,389.8142466429130,357.0531611876220,90.0,0.0,528.6228398393850,TRUE,611.1490294685120,365.080991806957,90.0,0.0,711.8899260412780
92,TRUE,603.2959401615490,316.3504917677640,91.0,0.0,681.207475778939,TRUE,390.01182475347,357.06792129951000,91.0,0.0,528.7785206196300,TRUE,611.5425988116490,365.1666389208540,91.0,0.0,712.271734903231
93,TRUE,603.3081513061800,316.33168531162000,92.0,0.0,681.209557012063,TRUE,390.0919273180030,357.0044492539270,92.0,0.0,528.7947508682110,TRUE,610.4929048417150,364.6186574299220,92.0,0.0,711.0895528750750
94,TRUE,603.2776893617900,316.3629836135870,93.0,0.0,681.1971138243260,TRUE,390.1961749176390,356.98964187054500,93.0,0.0,528.8616636921380,TRUE,609.6046078462010,364.0848439981530,93.0,0.0,710.0532033140050
95,TRUE,603.198892353531,316.3641248021970,94.0,0.0,681.1278611232890,TRUE,389.8571989904970,357.09983060791300,94.0,0.0,528.6860359655020,TRUE,609.3591418960770,363.78689711680700,94.0,0.0,709.6897000282570
96,TRUE,603.3649477058480,316.32928330997700,95.0,0.0,681.2587435031450,TRUE,390.03441142236600,356.96037129034300,95.0,0.0,528.7225631324350,TRUE,609.3350536552190,363.71606174980400,95.0,0.0,709.6327086513100
97,TRUE,603.0164628014300,316.34768775797000,96.0,0.0,680.9586727249770,TRUE,391.3161561329210,356.1781475714080,96.0,0.0,529.1419534095220,TRUE,609.5012894240570,363.9455270498980,96.0,0.0,709.8930683343900
98,TRUE,602.2285511682100,316.13965032259900,97.0,0.0,680.164323048671,TRUE,393.3836847379980,355.3300007104670,97.0,0.0,530.1038887076240,TRUE,609.8196625376280,364.1683679237760,97.0,0.0,710.2806635505240
99,TRUE,601.7809080984970,316.05771605707500,98.0,0.0,679.7299031461440,TRUE,394.5700131012470,354.6492747305970,98.0,0.0,530.5295498892180,TRUE,610.362115245598,364.35737101542700,98.0,0.0,710.8433058982510
100,TRUE,601.690360070666,315.9987812049700,99.0,0.0,679.6223356578220,TRUE,394.268839375541,354.8459025249130,99.0,0.0,530.4371143135220,TRUE,610.3341415955850,364.3922354222240,99.0,0.0,710.8371583092890
101,TRUE,600.1383846166090,315.43107564560600,100.0,0.0,677.9843981782890,TRUE,393.8034964032770,354.92068556289000,100.0,0.0,530.1413838023570,TRUE,610.164917426048,364.24254050804600,100.0,0.0,710.6151242221710
102,TRUE,598.3965361701790,314.21033006588700,101.0,0.0,675.8746525951250,TRUE,394.6128361096080,354.67009473499100,101.0,0.0,530.5753165402590,TRUE,609.5910430173170,364.076847361442,101.0,0.0,710.0374571186980
103,TRUE,598.3424076461780,314.2279308709000,102.0,0.0,675.8349127762130,TRUE,396.2826373972980,353.80826616613900,102.0,0.0,531.2440285876610,TRUE,608.5250311287170,362.6999037677160,102.0,0.0,708.4164973398890
104,TRUE,598.9142770201390,314.7103436597130,103.0,0.0,676.5655264828160,TRUE,398.1147686107470,352.2715397028270,103.0,0.0,531.5925193892310,TRUE,608.2353180052350,361.8873279586900,103.0,0.0,707.7518210545340
105,TRUE,600.2776137402920,315.90221538610800,104.0,0.0,678.3269294695510,TRUE,399.7172399249320,350.5868188785930,104.0,0.0,531.6812856069100,TRUE,608.1905402118750,362.06782359482100,104.0,0.0,707.8056527648690
106,TRUE,600.7221829163600,316.288866156259,105.0,0.0,678.9004256164580,TRUE,400.23477242404900,349.87479849068500,105.0,0.0,531.6015873529990,TRUE,609.6841281800050,364.5761683837240,105.0,0.0,710.3735064794930
107,TRUE,601.1468433215250,316.7152476040650,106.0,0.0,679.4748525886290,TRUE,401.25479382078600,348.54488964110000,106.0,0.0,531.4968952487750,TRUE,611.6965008195290,367.2482932352110,106.0,0.0,713.473137545508
108,TRUE,601.7990385538730,317.5447465264850,107.0,0.0,680.4386444426390,TRUE,401.20052468903300,348.5105719471960,107.0,0.0,531.4334198841060,TRUE,612.8131735841110,369.8161540114110,107.0,0.0,715.7541292133920
109,TRUE,602.5505741248740,318.65680209922400,108.0,0.0,681.6225875822470,TRUE,400.80563288448800,348.9244359546370,108.0,0.0,531.407016662554,TRUE,613.1886379532040,371.9314795448590,108.0,0.0,717.1703641334700
110,TRUE,603.2055844995950,319.8503204254460,109.0,0.0,682.7599905147920,TRUE,400.92139951537600,348.81774004380800,109.0,0.0,531.4242978624870,TRUE,613.3491595249020,373.5023530846700,109.0,0.0,718.1233872042390
111,TRUE,604.2796501204400,321.10246702251300,110.0,0.0,684.2957619901100,TRUE,400.98422860675600,348.7869532212590,110.0,0.0,531.4514938625390,TRUE,613.6084452418670,375.5937087338530,110.0,0.0,719.4344710344310
112,TRUE,606.0557774372590,323.0282143873180,111.0,0.0,686.7683981192930,TRUE,400.546532923363,349.1528383556210,111.0,0.0,531.3616749152250,TRUE,613.742774443439,376.70042647287300,111.0,0.0,720.1273529636090
113,TRUE,608.7205741202860,326.07793988903400,112.0,0.0,690.5559790774440,TRUE,400.29856778044000,349.57892861590200,112.0,0.0,531.4549564161700,TRUE,613.508177126631,379.4144943113170,112.0,0.0,721.3512611029070
114,TRUE,610.1617519395460,328.2218046499800,113.0,0.0,692.8397481219050,TRUE,399.87641397743800,350.31265004035600,113.0,0.0,531.6202584869700,FALSE,612.0485507887110,381.6618892715150,113.0,0.0,721.2969057502350
115,TRUE,611.5141952143330,329.3642483097710,114.0,0.0,694.5721121764770,TRUE,399.88185946611500,350.23992200087900,114.0,0.0,531.5764333501430,FALSE,611.0032765310580,382.7891051773910,114.0,0.0,721.0079770530950
116,TRUE,613.6311224203460,331.242577162276,115.0,0.0,697.3268956005930,TRUE,400.15443788356600,349.9581361919330,115.0,0.0,531.5959661668290,FALSE,609.2387165668460,384.3995470081180,115.0,0.0,720.3713108557730
117,TRUE,615.5268797199910,332.96751832991000,116.0,0.0,699.8147668637800,TRUE,399.20985194716900,351.3560023622570,116.0,0.0,531.807809539938,FALSE,607.7372379557480,386.2992818395880,116.0,0.0,720.1192162051110
118,FALSE,616.9295608049260,334.16298353607400,117.0,0.0,701.6174046876900,TRUE,398.7438298380500,351.9982030311850,117.0,0.0,531.8828600087610,FALSE,606.7441261895040,387.39281531345900,117.0,0.0,719.8691742406760
119,FALSE,618.6141130760230,335.30399912584400,118.0,0.0,703.6420913551280,TRUE,398.5748455828700,352.2995099597830,118.0,0.0,531.9556863586590,FALSE,606.1910519485340,387.9344935981150,118.0,0.0,719.6949095177040
120,FALSE,621.2156363896860,336.77815593605100,119.0,0.0,706.6317238921070,TRUE,399.4443892613110,351.06359318550800,119.0,0.0,531.7908109140860,FALSE,605.4716590903280,388.42092690580600,119.0,0.0,719.351615289741
121,FALSE,624.7274424691150,339.10035394161200,120.0,0.0,710.825877003172,TRUE,400.16000038571400,350.0963004160440,120.0,0.0,531.6911184829930,FALSE,604.7966042866060,388.76317947582000,120.0,0.0,718.9685266218250
122,FALSE,626.046208269542,340.48585286372000,121.0,0.0,712.6461049420010,TRUE,399.6185378782640,350.9758835426800,121.0,0.0,531.8637481954630,FALSE,604.1300982246050,388.9935001508460,121.0,0.0,718.5326149455410
123,FALSE,626.9333823101400,341.23384582059200,122.0,0.0,713.7828825268540,TRUE,398.26190085851800,352.8013966821040,122.0,0.0,532.0539137872060,FALSE,603.6223507850840,389.2886641808710,122.0,0.0,718.2656934777260
124,FALSE,628.9511080745140,343.21817774934300,123.0,0.0,716.5041618062930,TRUE,398.1920107813890,353.0713492743250,123.0,0.0,532.1806602353360,FALSE,601.8764785881740,389.7926187708340,123.0,0.0,717.0729259468140
125,FALSE,631.6654177352890,346.09453066476600,124.0,0.0,720.265662182199,TRUE,398.1937307605630,352.99428767837100,124.0,0.0,532.1308244694870,FALSE,600.7394954770180,390.09252706359800,124.0,0.0,716.2821518765110
126,FALSE,632.7586272434890,348.198875895767,125.0,0.0,722.2367600213530,TRUE,397.88403345859000,353.7910984357750,125.0,0.0,532.4282537710310,FALSE,600.3989061571570,390.13877398745000,125.0,0.0,716.0217241698330
127,FALSE,633.2906750617430,349.56576937796500,126.0,0.0,723.3624998857530,TRUE,397.21394891079800,354.67538749533700,126.0,0.0,532.5162454839080,FALSE,600.0267187197630,390.23501841672700,126.0,0.0,715.7621342152080
128,FALSE,634.0917744871260,350.83501576395500,127.0,0.0,724.6775743448440,TRUE,396.9466027048070,354.8287486267190,127.0,0.0,532.4190513598210,FALSE,599.2226090894660,390.38274581988900,127.0,0.0,715.1688076796020
129,FALSE,635.4567604878010,352.51421065625200,128.0,0.0,726.6853260966890,TRUE,396.2587486120170,355.4324387017140,128.0,0.0,532.3093220421840,FALSE,598.3422584982390,390.33828952859300,128.0,0.0,714.4070538403720
130,FALSE,637.2712984041820,354.4928227799760,129.0,0.0,729.2323835186340,TRUE,395.5464553953770,356.10868704988600,129.0,0.0,532.2315242150170,FALSE,597.4090351771590,390.43797272335300,129.0,0.0,713.6801565516770
131,FALSE,638.9236952686270,355.9575319820860,130.0,0.0,731.3885786300570,TRUE,394.60162909276900,356.88506548170100,130.0,0.0,532.0501815116180,FALSE,597.0099476952890,390.35559327776800,130.0,0.0,713.301035223117
132,FALSE,641.0137142556310,356.8468736292640,131.0,0.0,733.6472402202430,TRUE,392.9082454319190,357.9102162989760,131.0,0.0,531.4852888458620,FALSE,597.1829889493700,390.3346544470590,131.0,0.0,713.4344151726970
133,FALSE,643.3443074234080,357.410965906552,132.0,0.0,735.9582165071320,TRUE,391.55523673667300,358.4951580121380,132.0,0.0,530.880666189738,FALSE,597.2659707354880,390.35671496426300,132.0,0.0,713.5159456636520
134,FALSE,645.9206071452990,358.26960543481600,133.0,0.0,738.6274709983170,TRUE,389.291072771508,358.96630426924500,133.0,0.0,529.5321963207820,FALSE,597.2701688018800,390.26477018466800,133.0,0.0,713.4691621842660
135,FALSE,646.8865834417760,358.6341400599640,134.0,0.0,739.6490372153020,TRUE,387.43027376992800,359.269370736951,134.0,0.0,528.3717420369550,FALSE,599.5450334533480,390.37036699918400,134.0,0.0,715.432226398597
136,FALSE,649.0317667596410,359.4768761223500,135.0,0.0,741.933864121206,TRUE,386.3362975827430,359.4460017645950,135.0,0.0,527.6904045124330,FALSE,602.4577086960920,389.82158327915800,135.0,0.0,717.576586545028
137,FALSE,649.5643542952750,359.738693809015,136.0,0.0,742.5266178356530,TRUE,384.5058726843350,359.7190828186590,136.0,0.0,526.5383031391350,FALSE,603.9451515767840,389.2671685625660,136.0,0.0,718.5253472451910
138,FALSE,650.6474752002930,359.84828812418300,137.0,0.0,743.527354877022,TRUE,382.1064823218360,360.1553579135400,137.0,0.0,525.0878456660350,FALSE,605.3412859886270,388.4384207167260,137.0,0.0,719.2513324362140
139,FALSE,651.6286701294720,360.0083221715480,138.0,0.0,744.463508687617,TRUE,380.24215804788100,360.43435226738100,138.0,0.0,523.9246329877190,FALSE,606.5013351513920,387.7529581439310,138.0,0.0,719.8584764311600
140,FALSE,652.9882388327590,360.10939416969500,139.0,0.0,745.7026323026980,TRUE,379.3439638552240,360.3539934657570,139.0,0.0,523.217778291327,FALSE,607.0996372230280,387.2765405560680,139.0,0.0,720.1063035284500
141,FALSE,654.13931685209,360.4556235714290,140.0,0.0,746.8778363400450,TRUE,378.3376897661300,360.4890773999540,140.0,0.0,522.5818427980850,FALSE,606.772933113854,387.53975361600800,140.0,0.0,719.9725362764510
142,FALSE,655.2331676387020,360.75690432862400,141.0,0.0,747.9813152710560,TRUE,377.47810583237600,360.51378975241400,141.0,0.0,521.9769276361230,FALSE,606.690064760899,387.6759073922450,141.0,0.0,719.9760022750650
143,FALSE,656.2990428625880,361.1167136468570,142.0,0.0,749.0885892452610,TRUE,377.1913363857960,360.532221278396,142.0,0.0,521.7823174700700,FALSE,606.539844254297,387.6873846119960,142.0,0.0,719.8556041702510
144,FALSE,658.2440674208500,361.4358576614640,143.0,0.0,750.9468233491790,TRUE,375.60165876398300,360.6121668868160,143.0,0.0,520.6896781894770,FALSE,606.1737409532420,388.0241805158430,143.0,0.0,719.7286772709840
145,FALSE,659.2561939773270,361.65417883594400,144.0,0.0,751.9391427283010,TRUE,375.93161113527200,360.5864769184870,144.0,0.0,520.9099572740450,FALSE,606.1952666709340,388.11039365807700,144.0,0.0,719.7932890765740
146,FALSE,659.0466270482450,361.7126563620010,145.0,0.0,751.7835475694610,TRUE,375.97981018137300,360.7195441780430,145.0,0.0,521.0368578287300,FALSE,605.6668394382350,388.3078670093310,145.0,0.0,719.4548769564610
147,FALSE,658.0082938991940,361.52673710410200,146.0,0.0,750.7839212991090,TRUE,375.69680426284100,360.64485635280200,146.0,0.0,520.7809531338920,FALSE,605.5290828169210,388.30089944133700,146.0,0.0,719.3351504299320
148,FALSE,658.7811443149680,361.66666450620900,147.0,0.0,751.528690284001,TRUE,374.00985251273300,360.8073600512830,147.0,0.0,519.6780934807360,FALSE,605.9233732899970,388.1331778717440,147.0,0.0,719.5766102813160
149,FALSE,659.0686775915840,361.6946266519640,148.0,0.0,751.794203709514,TRUE,374.1403348861790,360.7828331881630,148.0,0.0,519.7549835374550,FALSE,606.0137182777610,388.12119799839200,148.0,0.0,719.6462263338450
150,FALSE,659.344702283558,361.6555452769260,149.0,0.0,752.0173999708680,TRUE,373.54771850263600,360.8245985208770,149.0,0.0,519.3575732539930,FALSE,605.5792266808380,388.2925858081920,149.0,0.0,719.3728740931050
151,FALSE,659.5495798857800,361.6576120930980,150.0,0.0,752.1980302502730,TRUE,373.8183995388650,360.8134647680770,150.0,0.0,519.5445622771380,FALSE,605.324365557983,388.40813607317600,150.0,0.0,719.220736426595
152,FALSE,660.3537162004520,361.71220431089700,151.0,0.0,752.9294450658680,TRUE,373.75355107287700,360.7040703155480,151.0,0.0,519.4219318451900,FALSE,604.9803106319800,388.52554482669600,151.0,0.0,718.9946280990200
153,FALSE,660.8492423114850,361.64603796898500,152.0,0.0,753.3323156763750,TRUE,373.12769763883500,360.8337856970140,152.0,0.0,519.0619420124120,FALSE,605.0476313646230,388.4585702242920,152.0,0.0,719.0150881592420
154,FALSE,660.748692666823,361.70465076981700,153.0,0.0,753.2722544003800,TRUE,372.46067906566700,360.81460508671300,153.0,0.0,518.5693171543590,FALSE,604.4669742345830,388.73363089446,153.0,0.0,718.6752804491760
155,FALSE,661.2800878572710,361.7155646598980,154.0,0.0,753.7436595512760,TRUE,371.82636186849000,360.85383534041700,154.0,0.0,518.1412296471360,FALSE,604.1721195950340,388.9525135428070,154.0,0.0,718.5457590767780
156,FALSE,662.7080941010050,361.8064159526390,155.0,0.0,755.040330453599,TRUE,370.9723781521940,360.83443844812500,155.0,0.0,517.5152145802750,FALSE,604.299997342309,388.7834376702110,155.0,0.0,718.5617914936620
157,FALSE,663.1018335362910,361.6821484222240,156.0,0.0,755.3264315026370,TRUE,371.0999198895570,360.8775793949420,156.0,0.0,517.6367238247190,FALSE,604.3510932754230,388.7331333106990,156.0,0.0,718.5775482693240
158,FALSE,663.8584620674510,361.79414119306800,157.0,0.0,756.0443494003450,TRUE,371.111885883154,360.84333318945100,157.0,0.0,517.6214282185620,FALSE,604.4236155769730,388.684088074914,157.0,0.0,718.6120145041890
159,FALSE,664.9522476393180,361.8554974145200,158.0,0.0,757.0342744220310,TRUE,371.2181500428520,360.906912950126,158.0,0.0,517.7419383596690,FALSE,605.5155079369980,388.38183260097700,158.0,0.0,719.3674153356500
160,FALSE,664.4134237150950,361.8359914714950,159.0,0.0,756.5517049990530,TRUE,370.7819277680450,360.9189904127370,159.0,0.0,517.43768281788,FALSE,605.4779842892710,388.1498544568520,159.0,0.0,719.2106082183950
161,FALSE,663.7121308437550,361.7620169663840,160.0,0.0,755.9004891840890,,,,,,,FALSE,605.077742133373,388.392566032079,160.0,0.0,719.0047700635950
162,FALSE,663.0956835075250,361.7430912596890,161.0,0.0,755.3502164959160,,,,,,,FALSE,604.6140697856540,388.55571739216100,161.0,0.0,718.7028029031950
163,FALSE,659.8527268995160,361.7198759499120,162.0,0.0,752.4937806081500,,,,,,,FALSE,604.527742247965,388.45441468797300,162.0,0.0,718.5754124919650
164,FALSE,658.1411321945870,361.5184184428,163.0,0.0,750.8963422202540,,,,,,,FALSE,604.4299756548440,388.2917953024710,163.0,0.0,718.4052573369240
165,FALSE,654.1702338755980,361.06397503722600,164.0,0.0,747.1986944304290,,,,,,,FALSE,604.1867526700770,388.3921621595320,164.0,0.0,718.2549016393620
166,FALSE,652.0652339954940,360.52494058767100,165.0,0.0,745.095498692176,,,,,,,FALSE,603.9800443240030,388.0626611020220,165.0,0.0,717.9028645180400
167,FALSE,651.4319480762410,360.39910659792200,166.0,0.0,744.4804221811250,,,,,,,FALSE,603.6665488430530,388.199428015754,166.0,0.0,717.7131029205480
168,FALSE,652.616149905738,360.79797581484400,167.0,0.0,745.7097414342110,,,,,,,FALSE,603.6028366602470,388.127841959769,167.0,0.0,717.6207954962320
169,FALSE,654.3019592280980,361.24452045872800,168.0,0.0,747.4012693400940,,,,,,,FALSE,603.3009409422170,387.94990968545000,168.0,0.0,717.2706307710590
170,FALSE,655.1820599801710,361.6755223624360,169.0,0.0,748.3800606616940,,,,,,,FALSE,603.312678212323,387.89495521160200,169.0,0.0,717.2507817844030
171,FALSE,654.7331518738140,362.1225348477230,170.0,0.0,748.2033349345340,,,,,,,FALSE,603.049716859897,388.0013229864920,170.0,0.0,717.0871548452600
172,FALSE,653.5683367063010,363.2345388096870,171.0,0.0,747.7238132688610,,,,,,,FALSE,603.0979782812420,388.03857103092500,171.0,0.0,717.1478954962110
173,FALSE,653.3956396635860,363.58405691899900,172.0,0.0,747.7427554828360,,,,,,,FALSE,603.4186438904200,388.18242508259800,172.0,0.0,717.4954041229540
174,FALSE,652.7191609357730,364.32849358915400,173.0,0.0,747.5142502278080,,,,,,,FALSE,603.9075596859370,388.36919384696800,173.0,0.0,718.0076401927550
175,FALSE,650.4731384635510,365.94995697535700,174.0,0.0,746.3475563521920,,,,,,,FALSE,605.0524509916910,388.36478889648900,174.0,0.0,718.9684817192390
176,FALSE,649.7016436949060,366.34403271084000,175.0,0.0,745.8687392046290,,,,,,,FALSE,606.3022858146940,387.7693676850830,175.0,0.0,719.6996208829160
177,FALSE,648.4754353690930,366.72234954933600,176.0,0.0,744.9870280321120,,,,,,,FALSE,607.5843856875660,386.95811144968600,176.0,0.0,720.3439218512540
178,FALSE,647.5246612714600,367.0498382055390,177.0,0.0,744.3210131935220,,,,,,,FALSE,607.2825972774850,387.21404226493,177.0,0.0,720.2269555377910
179,FALSE,646.2847885774130,367.33533339886100,178.0,0.0,743.3836661575260,,,,,,,FALSE,607.0790928531460,387.3065661559500,178.0,0.0,720.1051320237290
180,FALSE,643.319004718926,368.3346389565430,179.0,0.0,741.3027371376660,,,,,,,FALSE,606.103767445811,388.01003759311400,179.0,0.0,719.6621194595530
181,FALSE,640.5603220320650,368.61764982529300,180.0,0.0,739.0510793744540,,,,,,,FALSE,605.7747303939860,388.20084635437500,180.0,0.0,719.4879575741070
182,FALSE,638.6032232330420,368.46059519414700,181.0,0.0,737.2769404602700,,,,,,,FALSE,605.1559453994670,388.4547919817520,181.0,0.0,719.1041952776440
183,FALSE,636.5060415961290,368.19596279911000,182.0,0.0,735.3286394598920,,,,,,,FALSE,605.2832743848340,388.1321718000630,182.0,0.0,719.0371513602480
184,FALSE,635.3164071311710,368.2464627572310,183.0,0.0,734.3244477090990,,,,,,,FALSE,605.436437584303,387.48004212768200,183.0,0.0,718.8143452951130
185,FALSE,633.5982931918760,368.31117410365300,184.0,0.0,732.8710105504720,,,,,,,FALSE,605.7216442294860,387.0281468191570,184.0,0.0,718.8111690272650
186,FALSE,631.4491151541360,368.36344428066600,185.0,0.0,731.0400892640960,,,,,,,FALSE,605.5387456392880,386.55020530030600,185.0,0.0,718.3997728897960
187,FALSE,629.3068090110860,368.0690086888000,186.0,0.0,729.0417375053860,,,,,,,FALSE,605.8591674720010,385.08628134693400,186.0,0.0,717.8835385293890
188,FALSE,626.8581931943130,367.9247224258220,187.0,0.0,726.8561038795480,,,,,,,FALSE,605.8978271453940,384.5182673995000,187.0,0.0,717.6116462986260
189,FALSE,625.7379438526940,368.0296528920550,188.0,0.0,725.9433860741780,,,,,,,FALSE,606.0183735824170,383.84076526255100,188.0,0.0,717.3506828579860
190,FALSE,623.6766639045130,368.4687286323860,189.0,0.0,724.3906301706490,,,,,,,FALSE,606.2891593709740,383.3255621937480,189.0,0.0,717.3040020813460
191,FALSE,622.648335428433,368.75901759018000,190.0,0.0,723.6533442649680,,,,,,,FALSE,606.8968129986590,382.16384963167300,190.0,0.0,717.1979849338880
192,FALSE,620.8679172261150,368.96018285900000,191.0,0.0,722.2247483824130,,,,,,,FALSE,607.1531439791170,381.4898717166940,191.0,0.0,717.0561083110210
193,FALSE,619.1848448948990,369.5885963084920,192.0,0.0,721.1002722706470,,,,,,,TRUE,608.3436078145860,379.8001746175900,192.0,0.0,717.168123809486
194,,,,,,,,,,,,,TRUE,609.8928416915340,377.83472997446300,193.0,0.0,717.4457202614350
195,,,,,,,,,,,,,TRUE,613.7905748570320,373.0786211032600,194.0,0.0,718.2802567992770
196,,,,,,,,,,,,,TRUE,614.0089206445030,372.5430904842230,195.0,0.0,718.1889089219930
197,,,,,,,,,,,,,TRUE,614.044411815484,371.8633226845740,196.0,0.0,717.8668890816980
198,,,,,,,,,,,,,TRUE,613.9044554849420,371.8922635447010,197.0,0.0,717.7621724141400
199,,,,,,,,,,,,,TRUE,613.7541582378160,371.64588243292200,198.0,0.0,717.5059781517890
200,,,,,,,,,,,,,TRUE,613.8526355175620,371.17700891549100,199.0,0.0,717.3474960431010
201,,,,,,,,,,,,,TRUE,613.668357415472,371.15206629468300,200.0,0.0,717.1769023105920
202,,,,,,,,,,,,,TRUE,613.7413333730200,371.24708745943900,201.0,0.0,717.2885223099620
203,,,,,,,,,,,,,TRUE,613.4225368160010,371.1559147353460,202.0,0.0,716.9685639669350
204,,,,,,,,,,,,,TRUE,613.205738163611,370.88585760593100,203.0,0.0,716.6432841301630
205,,,,,,,,,,,,,TRUE,613.0340162989420,370.8490231537300,204.0,0.0,716.4772872280650
206,,,,,,,,,,,,,TRUE,611.9308102064700,372.17474473831300,205.0,0.0,716.221583799996
207,,,,,,,,,,,,,TRUE,611.4272037802140,372.4982931430700,206.0,0.0,715.9596384692310
208,,,,,,,,,,,,,TRUE,611.0138550015630,372.62608634826400,207.0,0.0,715.6732014202390
209,,,,,,,,,,,,,TRUE,610.9364705446600,372.32248510544700,208.0,0.0,715.4490924983150
210,,,,,,,,,,,,,TRUE,610.8047629894380,372.1093402574360,209.0,0.0,715.225712343598
211,,,,,,,,,,,,,TRUE,610.5945834215780,371.788151761337,210.0,0.0,714.8791332063630
212,,,,,,,,,,,,,TRUE,610.4327995597820,371.80175821327100,211.0,0.0,714.7480326582730
213,,,,,,,,,,,,,TRUE,610.2679156452760,371.38717080536800,212.0,0.0,714.3916009478590
214,,,,,,,,,,,,,TRUE,610.0945034231590,371.47957280580500,213.0,0.0,714.2915204026540
215,,,,,,,,,,,,,TRUE,609.9969347876990,371.26663896740600,214.0,0.0,714.0974566965930
216,,,,,,,,,,,,,TRUE,609.9051365840110,371.03500102350700,215.0,0.0,713.8986255877470
217,,,,,,,,,,,,,TRUE,609.7930616525650,370.7000534507350,216.0,0.0,713.6288304629980
218,,,,,,,,,,,,,TRUE,609.8902702023200,371.06883310632600,217.0,0.0,713.9035092996460
219,,,,,,,,,,,,,TRUE,610.1613781230620,371.2936075438670,218.0,0.0,714.2519515940950
220,,,,,,,,,,,,,TRUE,609.6166913776130,372.0519312010300,219.0,0.0,714.1814544754050
221,,,,,,,,,,,,,TRUE,609.2831786351110,372.60399731034300,220.0,0.0,714.1846614002230
222,,,,,,,,,,,,,TRUE,609.4298285354570,374.81850185232700,221.0,0.0,715.467417315128
223,,,,,,,,,,,,,TRUE,608.3683937563000,377.84016424305700,222.0,0.0,716.1531206640390
224,,,,,,,,,,,,,FALSE,606.7331348377620,381.8292888467400,223.0,0.0,716.8812333512890
225,,,,,,,,,,,,,FALSE,606.4411604931030,382.6009437953270,224.0,0.0,717.045579676283
226,,,,,,,,,,,,,FALSE,606.8543981043850,381.2899905167640,225.0,0.0,716.6968099321430
227,,,,,,,,,,,,,FALSE,606.5664934632810,381.5728203143520,226.0,0.0,716.6036060438080
228,,,,,,,,,,,,,FALSE,605.6710632847690,384.63879115652100,227.0,0.0,717.4847988374760
229,,,,,,,,,,,,,FALSE,605.2960864919970,386.1862712389800,228.0,0.0,717.9994348298570
230,,,,,,,,,,,,,FALSE,605.5195737904240,385.6403427408920,229.0,0.0,717.8944408425590
231,,,,,,,,,,,,,FALSE,605.7562760576510,384.7596572374700,230.0,0.0,717.6215296524540
232,,,,,,,,,,,,,FALSE,605.735789608162,384.5830608479990,231.0,0.0,717.5095661407160
233,,,,,,,,,,,,,FALSE,605.8681599579530,384.0869406012060,232.0,0.0,717.3555639926620
234,,,,,,,,,,,,,FALSE,605.951828254894,383.47129827126800,233.0,0.0,717.096823841314
235,,,,,,,,,,,,,FALSE,605.9965470194650,383.0088748020220,234.0,0.0,716.8874480534760
236,,,,,,,,,,,,,FALSE,606.0931629088940,382.58676879203200,235.0,0.0,716.7437183398510
237,,,,,,,,,,,,,FALSE,606.0512476882590,381.6139335604090,236.0,0.0,716.1894366101350
238,,,,,,,,,,,,,FALSE,606.2424236555120,381.11895572584900,237.0,0.0,716.0876584980860
239,,,,,,,,,,,,,TRUE,606.1826093515720,380.1216320919130,238.0,0.0,715.5066813555980
240,,,,,,,,,,,,,TRUE,606.1524018761140,378.14851135025000,239.0,0.0,714.4347632475560
241,,,,,,,,,,,,,,,,,,
242,,,,,,,,,,,,,,,,,,
243,,,,,,,,,,,,,,,,,,
244,,,,,,,,,,,,,,,,,,
245,,,,,,,,,,,,,,,,,,
246,,,,,,,,,,,,,,,,,,
247,,,,,,,,,,,,,,,,,,
248,,,,,,,,,,,,,,,,,,
249,,,,,,,,,,,,,,,,,,
250,,,,,,,,,,,,,,,,,,
251,,,,,,,,,,,,,,,,,,
252,,,,,,,,,,,,,,,,,,
253,,,,,,,,,,,,,,,,,,
254,,,,,,,,,,,,,,,,,,
255,,,,,,,,,,,,,,,,,,
256,,,,,,,,,,,,,,,,,,
257,,,,,,,,,,,,,,,,,,
258,,,,,,,,,,,,,,,,,,
259,,,,,,,,,,,,,,,,,,
260,,,,,,,,,,,,,,,,,,
261,,,,,,,,,,,,,,,,,,
262,,,,,,,,,,,,,,,,,,
263,,,,,,,,,,,,,,,,,,
264,,,,,,,,,,,,,,,,,,
265,,,,,,,,,,,,,,,,,,
266,,,,,,,,,,,,,,,,,,
267,,,,,,,,,,,,,,,,,,
268,,,,,,,,,,,,,,,,,,
269,,,,,,,,,,,,,,,,,,
270,,,,,,,,,,,,,,,,,,
271,,,,,,,,,,,,,,,,,,
272,,,,,,,,,,,,,,,,,,
273,,,,,,,,,,,,,,,,,,
274,,,,,,,,,,,,,,,,,,
275,,,,,,,,,,,,,,,,,,
276,,,,,,,,,,,,,,,,,,
277,,,,,,,,,,,,,,,,,,
278,,,,,,,,,,,,,,,,,,
279,,,,,,,,,,,,,,,,,,
280,,,,,,,,,,,,,,,,,,
281,,,,,,,,,,,,,,,,,,
282,,,,,,,,,,,,,,,,,,
283,,,,,,,,,,,,,,,,,,
284,,,,,,,,,,,,,,,,,,
285,,,,,,,,,,,,,,,,,,
286,,,,,,,,,,,,,,,,,,
287,,,,,,,,,,,,,,,,,,
288,,,,,,,,,,,,,,,,,,
289,,,,,,,,,,,,,,,,,,
290,,,,,,,,,,,,,,,,,,
291,,,,,,,,,,,,,,,,,,
292,,,,,,,,,,,,,,,,,,
293,,,,,,,,,,,,,,,,,,
294,,,,,,,,,,,,,,,,,,
295,,,,,,,,,,,,,,,,,,
296,,,,,,,,,,,,,,,,,,
297,,,,,,,,,,,,,,,,,,
298,,,,,,,,,,,,,,,,,,
299,,,,,,,,,,,,,,,,,,
300,,,,,,,,,,,,,,,,,,
301,,,,,,,,,,,,,,,,,,
302,,,,,,,,,,,,,,,,,,
303,,,,,,,,,,,,,,,,,,
304,,,,,,,,,,,,,,,,,,
305,,,,,,,,,,,,,,,,,,
306,,,,,,,,,,,,,,,,,,
307,,,,,,,,,,,,,,,,,,
308,,,,,,,,,,,,,,,,,,
309,,,,,,,,,,,,,,,,,,
310,,,,,,,,,,,,,,,,,,
311,,,,,,,,,,,,,,,,,,
312,,,,,,,,,,,,,,,,,,
313,,,,,,,,,,,,,,,,,,
314,,,,,,,,,,,,,,,,,,
315,,,,,,,,,,,,,,,,,,
316,,,,,,,,,,,,,,,,,,
317,,,,,,,,,,,,,,,,,,
318,,,,,,,,,,,,,,,,,,
319,,,,,,,,,,,,,,,,,,
320,,,,,,,,,,,,,,,,,,
321,,,,,,,,,,,,,,,,,,
322,,,,,,,,,,,,,,,,,,
323,,,,,,,,,,,,,,,,,,
324,,,,,,,,,,,,,,,,,,
325,,,,,,,,,,,,,,,,,,
326,,,,,,,,,,,,,,,,,,
327,,,,,,,,,,,,,,,,,,
328,,,,,,,,,,,,,,,,,,
329,,,,,,,,,,,,,,,,,,
330,,,,,,,,,,,,,,,,,,
331,,,,,,,,,,,,,,,,,,
332,,,,,,,,,,,,,,,,,,
333,,,,,,,,,,,,,,,,,,
334,,,,,,,,,,,,,,,,,,
335,,,,,,,,,,,,,,,,,,
336,,,,,,,,,,,,,,,,,,
337,,,,,,,,,,,,,,,,,,
338,,,,,,,,,,,,,,,,,,
339,,,,,,,,,,,,,,,,,,
340,,,,,,,,,,,,,,,,,,
341,,,,,,,,,,,,,,,,,,
342,,,,,,,,,,,,,,,,,,
343,,,,,,,,,,,,,,,,,,
344,,,,,,,,,,,,,,,,,,
345,,,,,,,,,,,,,,,,,,
346,,,,,,,,,,,,,,,,,,
347,,,,,,,,,,,,,,,,,,
348,,,,,,,,,,,,,,,,,,
349,,,,,,,,,,,,,,,,,,
350,,,,,,,,,,,,,,,,,,
351,,,,,,,,,,,,,,,,,,
352,,,,,,,,,,,,,,,,,,
353,,,,,,,,,,,,,,,,,,
354,,,,,,,,,,,,,,,,,,
355,,,,,,,,,,,,,,,,,,
356,,,,,,,,,,,,,,,,,,
357,,,,,,,,,,,,,,,,,,
358,,,,,,,,,,,,,,,,,,
359,,,,,,,,,,,,,,,,,,
360,,,,,,,,,,,,,,,,,,
361,,,,,,,,,,,,,,,,,,
362,,,,,,,,,,,,,,,,,,
363,,,,,,,,,,,,,,,,,,
364,,,,,,,,,,,,,,,,,,
365,,,,,,,,,,,,,,,,,,
366,,,,,,,,,,,,,,,,,,
367,,,,,,,,,,,,,,,,,,
368,,,,,,,,,,,,,,,,,,
369,,,,,,,,,,,,,,,,,,
370,,,,,,,,,,,,,,,,,,
371,,,,,,,,,,,,,,,,,,
372,,,,,,,,,,,,,,,,,,
373,,,,,,,,,,,,,,,,,,
374,,,,,,,,,,,,,,,,,,
375,,,,,,,,,,,,,,,,,,
376,,,,,,,,,,,,,,,,,,
377,,,,,,,,,,,,,,,,,,
378,,,,,,,,,,,,,,,,,,
379,,,,,,,,,,,,,,,,,,
380,,,,,,,,,,,,,,,,,,
381,,,,,,,,,,,,,,,,,,
382,,,,,,,,,,,,,,,,,,
383,,,,,,,,,,,,,,,,,,
384,,,,,,,,,,,,,,,,,,
385,,,,,,,,,,,,,,,,,,
386,,,,,,,,,,,,,,,,,,
387,,,,,,,,,,,,,,,,,,
388,,,,,,,,,,,,,,,,,,
389,,,,,,,,,,,,,,,,,,
390,,,,,,,,,,,,,,,,,,
391,,,,,,,,,,,,,,,,,,
392,,,,,,,,,,,,,,,,,,
393,,,,,,,,,,,,,,,,,,
394,,,,,,,,,,,,,,,,,,
395,,,,,,,,,,,,,,,,,,
396,,,,,,,,,,,,,,,,,,
397,,,,,,,,,,,,,,,,,,
398,,,,,,,,,,,,,,,,,,
399,,,,,,,,,,,,,,,,,,
400,,,,,,,,,,,,,,,,,,
401,,,,,,,,,,,,,,,,,,
402,,,,,,,,,,,,,,,,,,
403,,,,,,,,,,,,,,,,,,
404,,,,,,,,,,,,,,,,,,
405,,,,,,,,,,,,,,,,,,
406,,,,,,,,,,,,,,,,,,
407,,,,,,,,,,,,,,,,,,
408,,,,,,,,,,,,,,,,,,
409,,,,,,,,,,,,,,,,,,
410,,,,,,,,,,,,,,,,,,
411,,,,,,,,,,,,,,,,,,
412,,,,,,,,,,,,,,,,,,
413,,,,,,,,,,,,,,,,,,
414,,,,,,,,,,,,,,,,,,
415,,,,,,,,,,,,,,,,,,
416,,,,,,,,,,,,,,,,,,
417,,,,,,,,,,,,,,,,,,
418,,,,,,,,,,,,,,,,,,
419,,,,,,,,,,,,,,,,,,
420,,,,,,,,,,,,,,,,,,
421,,,,,,,,,,,,,,,,,,
422,,,,,,,,,,,,,,,,,,
423,,,,,,,,,,,,,,,,,,
424,,,,,,,,,,,,,,,,,,
425,,,,,,,,,,,,,,,,,,
426,,,,,,,,,,,,,,,,,,
427,,,,,,,,,,,,,,,,,,
428,,,,,,,,,,,,,,,,,,
429,,,,,,,,,,,,,,,,,,
430,,,,,,,,,,,,,,,,,,
431,,,,,,,,,,,,,,,,,,
432,,,,,,,,,,,,,,,,,,
433,,,,,,,,,,,,,,,,,,
434,,,,,,,,,,,,,,,,,,
435,,,,,,,,,,,,,,,,,,
436,,,,,,,,,,,,,,,,,,
437,,,,,,,,,,,,,,,,,,
438,,,,,,,,,,,,,,,,,,
439,,,,,,,,,,,,,,,,,,
440,,,,,,,,,,,,,,,,,,
441,,,,,,,,,,,,,,,,,,
442,,,,,,,,,,,,,,,,,,
443,,,,,,,,,,,,,,,,,,
444,,,,,,,,,,,,,,,,,,
445,,,,,,,,,,,,,,,,,,
446,,,,,,,,,,,,,,,,,,
447,,,,,,,,,,,,,,,,,,
448,,,,,,,,,,,,,,,,,,
449,,,,,,,,,,,,,,,,,,
450,,,,,,,,,,,,,,,,,,
451,,,,,,,,,,,,,,,,,,
452,,,,,,,,,,,,,,,,,,
453,,,,,,,,,,,,,,,,,,
454,,,,,,,,,,,,,,,,,,
455,,,,,,,,,,,,,,,,,,
456,,,,,,,,,,,,,,,,,,
457,,,,,,,,,,,,,,,,,,
458,,,,,,,,,,,,,,,,,,
459,,,,,,,,,,,,,,,,,,
460,,,,,,,,,,,,,,,,,,
461,,,,,,,,,,,,,,,,,,
462,,,,,,,,,,,,,,,,,,
463,,,,,,,,,,,,,,,,,,
464,,,,,,,,,,,,,,,,,,
465,,,,,,,,,,,,,,,,,,
466,,,,,,,,,,,,,,,,,,
467,,,,,,,,,,,,,,,,,,
468,,,,,,,,,,,,,,,,,,
469,,,,,,,,,,,,,,,,,,
470,,,,,,,,,,,,,,,,,,
471,,,,,,,,,,,,,,,,,,
472,,,,,,,,,,,,,,,,,,
473,,,,,,,,,,,,,,,,,,
474,,,,,,,,,,,,,,,,,,
475,,,,,,,,,,,,,,,,,,
476,,,,,,,,,,,,,,,,,,
477,,,,,,,,,,,,,,,,,,
478,,,,,,,,,,,,,,,,,,
479,,,,,,,,,,,,,,,,,,
480,,,,,,,,,,,,,,,,,,
481,,,,,,,,,,,,,,,,,,
482,,,,,,,,,,,,,,,,,,
483,,,,,,,,,,,,,,,,,,
484,,,,,,,,,,,,,,,,,,
485,,,,,,,,,,,,,,,,,,
486,,,,,,,,,,,,,,,,,,
487,,,,,,,,,,,,,,,,,,
488,,,,,,,,,,,,,,,,,,
489,,,,,,,,,,,,,,,,,,
490,,,,,,,,,,,,,,,,,,
491,,,,,,,,,,,,,,,,,,
492,,,,,,,,,,,,,,,,,,
493,,,,,,,,,,,,,,,,,,
494,,,,,,,,,,,,,,,,,,
495,,,,,,,,,,,,,,,,,,
496,,,,,,,,,,,,,,,,,,
497,,,,,,,,,,,,,,,,,,
498,,,,,,,,,,,,,,,,,,
499,,,,,,,,,,,,,,,,,,
500,,,,,,,,,,,,,,,,,,
501,,,,,,,,,,,,,,,,,,
502,,,,,,,,,,,,,,,,,,
503,,,,,,,,,,,,,,,,,,
504,,,,,,,,,,,,,,,,,,
505,,,,,,,,,,,,,,,,,,
506,,,,,,,,,,,,,,,,,,
507,,,,,,,,,,,,,,,,,,
508,,,,,,,,,,,,,,,,,,
509,,,,,,,,,,,,,,,,,,
510,,,,,,,,,,,,,,,,,,
511,,,,,,,,,,,,,,,,,,
512,,,,,,,,,,,,,,,,,,
513,,,,,,,,,,,,,,,,,,
514,,,,,,,,,,,,,,,,,,
515,,,,,,,,,,,,,,,,,,
516,,,,,,,,,,,,,,,,,,
517,,,,,,,,,,,,,,,,,,
518,,,,,,,,,,,,,,,,,,
519,,,,,,,,,,,,,,,,,,
520,,,,,,,,,,,,,,,,,,
521,,,,,,,,,,,,,,,,,,
522,,,,,,,,,,,,,,,,,,
523,,,,,,,,,,,,,,,,,,
524,,,,,,,,,,,,,,,,,,
525,,,,,,,,,,,,,,,,,,
526,,,,,,,,,,,,,,,,,,
527,,,,,,,,,,,,,,,,,,
528,,,,,,,,,,,,,,,,,,
529,,,,,,,,,,,,,,,,,,
530,,,,,,,,,,,,,,,,,,
531,,,,,,,,,,,,,,,,,,
532,,,,,,,,,,,,,,,,,,
533,,,,,,,,,,,,,,,,,,
534,,,,,,,,,,,,,,,,,,
535,,,,,,,,,,,,,,,,,,
536,,,,,,,,,,,,,,,,,,
537,,,,,,,,,,,,,,,,,,
538,,,,,,,,,,,,,,,,,,
539,,,,,,,,,,,,,,,,,,
540,,,,,,,,,,,,,,,,,,
541,,,,,,,,,,,,,,,,,,
542,,,,,,,,,,,,,,,,,,
543,,,,,,,,,,,,,,,,,,
544,,,,,,,,,,,,,,,,,,
545,,,,,,,,,,,,,,,,,,
546,,,,,,,,,,,,,,,,,,
547,,,,,,,,,,,,,,,,,,
548,,,,,,,,,,,,,,,,,,
549,,,,,,,,,,,,,,,,,,
550,,,,,,,,,,,,,,,,,,
551,,,,,,,,,,,,,,,,,,
552,,,,,,,,,,,,,,,,,,
553,,,,,,,,,,,,,,,,,,
554,,,,,,,,,,,,,,,,,,
555,,,,,,,,,,,,,,,,,,
556,,,,,,,,,,,,,,,,,,
557,,,,,,,,,,,,,,,,,,
558,,,,,,,,,,,,,,,,,,
559,,,,,,,,,,,,,,,,,,
560,,,,,,,,,,,,,,,,,,
561,,,,,,,,,,,,,,,,,,
562,,,,,,,,,,,,,,,,,,
563,,,,,,,,,,,,,,,,,,
564,,,,,,,,,,,,,,,,,,
565,,,,,,,,,,,,,,,,,,
566,,,,,,,,,,,,,,,,,,
567,,,,,,,,,,,,,,,,,,
568,,,,,,,,,,,,,,,,,,
569,,,,,,,,,,,,,,,,,,
570,,,,,,,,,,,,,,,,,,
571,,,,,,,,,,,,,,,,,,
572,,,,,,,,,,,,,,,,,,
573,,,,,,,,,,,,,,,,,,
574,,,,,,,,,,,,,,,,,,
575,,,,,,,,,,,,,,,,,,
576,,,,,,,,,,,,,,,,,,
577,,,,,,,,,,,,,,,,,,
578,,,,,,,,,,,,,,,,,,
579,,,,,,,,,,,,,,,,,,
580,,,,,,,,,,,,,,,,,,
581,,,,,,,,,,,,,,,,,,
582,,,,,,,,,,,,,,,,,,
583,,,,,,,,,,,,,,,,,,
584,,,,,,,,,,,,,,,,,,
585,,,,,,,,,,,,,,,,,,
586,,,,,,,,,,,,,,,,,,
587,,,,,,,,,,,,,,,,,,
588,,,,,,,,,,,,,,,,,,
589,,,,,,,,,,,,,,,,,,
590,,,,,,,,,,,,,,,,,,
591,,,,,,,,,,,,,,,,,,
592,,,,,,,,,,,,,,,,,,
593,,,,,,,,,,,,,,,,,,
594,,,,,,,,,,,,,,,,,,
595,,,,,,,,,,,,,,,,,,
596,,,,,,,,,,,,,,,,,,
597,,,,,,,,,,,,,,,,,,
598,,,,,,,,,,,,,,,,,,
599,,,,,,,,,,,,,,,,,,
600,,,,,,,,,,,,,,,,,,
601,,,,,,,,,,,,,,,,,,
602,,,,,,,,,,,,,,,,,,
603,,,,,,,,,,,,,,,,,,
604,,,,,,,,,,,,,,,,,,
605,,,,,,,,,,,,,,,,,,
606,,,,,,,,,,,,,,,,,,
607,,,,,,,,,,,,,,,,,,
608,,,,,,,,,,,,,,,,,,
609,,,,,,,,,,,,,,,,,,
610,,,,,,,,,,,,,,,,,,
611,,,,,,,,,,,,,,,,,,
612,,,,,,,,,,,,,,,,,,
613,,,,,,,,,,,,,,,,,,
614,,,,,,,,,,,,,,,,,,
615,,,,,,,,,,,,,,,,,,
616,,,,,,,,,,,,,,,,,,
617,,,,,,,,,,,,,,,,,,
618,,,,,,,,,,,,,,,,,,
619,,,,,,,,,,,,,,,,,,
620,,,,,,,,,,,,,,,,,,
621,,,,,,,,,,,,,,,,,,
622,,,,,,,,,,,,,,,,,,
623,,,,,,,,,,,,,,,,,,
624,,,,,,,,,,,,,,,,,,
625,,,,,,,,,,,,,,,,,,
626,,,,,,,,,,,,,,,,,,
627,,,,,,,,,,,,,,,,,,
628,,,,,,,,,,,,,,,,,,
629,,,,,,,,,,,,,,,,,,
630,,,,,,,,,,,,,,,,,,
631,,,,,,,,,,,,,,,,,,
632,,,,,,,,,,,,,,,,,,
633,,,,,,,,,,,,,,,,,,
634,,,,,,,,,,,,,,,,,,
635,,,,,,,,,,,,,,,,,,
636,,,,,,,,,,,,,,,,,,
637,,,,,,,,,,,,,,,,,,
638,,,,,,,,,,,,,,,,,,
639,,,,,,,,,,,,,,,,,,
640,,,,,,,,,,,,,,,,,,
641,,,,,,,,,,,,,,,,,,
642,,,,,,,,,,,,,,,,,,
643,,,,,,,,,,,,,,,,,,
644,,,,,,,,,,,,,,,,,,
645,,,,,,,,,,,,,,,,,,
646,,,,,,,,,,,,,,,,,,
647,,,,,,,,,,,,,,,,,,
648,,,,,,,,,,,,,,,,,,
649,,,,,,,,,,,,,,,,,,
650,,,,,,,,,,,,,,,,,,
651,,,,,,,,,,,,,,,,,,
652,,,,,,,,,,,,,,,,,,
653,,,,,,,,,,,,,,,,,,
654,,,,,,,,,,,,,,,,,,
655,,,,,,,,,,,,,,,,,,
656,,,,,,,,,,,,,,,,,,
657,,,,,,,,,,,,,,,,,,
658,,,,,,,,,,,,,,,,,,
659,,,,,,,,,,,,,,,,,,
660,,,,,,,,,,,,,,,,,,
661,,,,,,,,,,,,,,,,,,
662,,,,,,,,,,,,,,,,,,
663,,,,,,,,,,,,,,,,,,
664,,,,,,,,,,,,,,,,,,
665,,,,,,,,,,,,,,,,,,
666,,,,,,,,,,,,,,,,,,
667,,,,,,,,,,,,,,,,,,
668,,,,,,,,,,,,,,,,,,
669,,,,,,,,,,,,,,,,,,
670,,,,,,,,,,,,,,,,,,
671,,,,,,,,,,,,,,,,,,
672,,,,,,,,,,,,,,,,,,
673,,,,,,,,,,,,,,,,,,
674,,,,,,,,,,,,,,,,,,
675,,,,,,,,,,,,,,,,,,
676,,,,,,,,,,,,,,,,,,
677,,,,,,,,,,,,,,,,,,
678,,,,,,,,,,,,,,,,,,
679,,,,,,,,,,,,,,,,,,
680,,,,,,,,,,,,,,,,,,
681,,,,,,,,,,,,,,,,,,
682,,,,,,,,,,,,,,,,,,
683,,,,,,,,,,,,,,,,,,
684,,,,,,,,,,,,,,,,,,
685,,,,,,,,,,,,,,,,,,
686,,,,,,,,,,,,,,,,,,
687,,,,,,,,,,,,,,,,,,
688,,,,,,,,,,,,,,,,,,
689,,,,,,,,,,,,,,,,,,
690,,,,,,,,,,,,,,,,,,
691,,,,,,,,,,,,,,,,,,
692,,,,,,,,,,,,,,,,,,
693,,,,,,,,,,,,,,,,,,
694,,,,,,,,,,,,,,,,,,
695,,,,,,,,,,,,,,,,,,
696,,,,,,,,,,,,,,,,,,
697,,,,,,,,,,,,,,,,,,
698,,,,,,,,,,,,,,,,,,
699,,,,,,,,,,,,,,,,,,
700,,,,,,,,,,,,,,,,,,
701,,,,,,,,,,,,,,,,,,
702,,,,,,,,,,,,,,,,,,
703,,,,,,,,,,,,,,,,,,
704,,,,,,,,,,,,,,,,,,
705,,,,,,,,,,,,,,,,,,
706,,,,,,,,,,,,,,,,,,
707,,,,,,,,,,,,,,,,,,
708,,,,,,,,,,,,,,,,,,
709,,,,,,,,,,,,,,,,,,
710,,,,,,,,,,,,,,,,,,
711,,,,,,,,,,,,,,,,,,
712,,,,,,,,,,,,,,,,,,
713,,,,,,,,,,,,,,,,,,
714,,,,,,,,,,,,,,,,,,
715,,,,,,,,,,,,,,,,,,
716,,,,,,,,,,,,,,,,,,
717,,,,,,,,,,,,,,,,,,
718,,,,,,,,,,,,,,,,,,
719,,,,,,,,,,,,,,,,,,
720,,,,,,,,,,,,,,,,,,
721,,,,,,,,,,,,,,,,,,
722,,,,,,,,,,,,,,,,,,
723,,,,,,,,,,,,,,,,,,
724,,,,,,,,,,,,,,,,,,
725,,,,,,,,,,,,,,,,,,
726,,,,,,,,,,,,,,,,,,
727,,,,,,,,,,,,,,,,,,
728,,,,,,,,,,,,,,,,,,
729,,,,,,,,,,,,,,,,,,
730,,,,,,,,,,,,,,,,,,
731,,,,,,,,,,,,,,,,,,
732,,,,,,,,,,,,,,,,,,
733,,,,,,,,,,,,,,,,,,
734,,,,,,,,,,,,,,,,,,
735,,,,,,,,,,,,,,,,,,
736,,,,,,,,,,,,,,,,,,
737,,,,,,,,,,,,,,,,,,
738,,,,,,,,,,,,,,,,,,
739,,,,,,,,,,,,,,,,,,
740,,,,,,,,,,,,,,,,,,
741,,,,,,,,,,,,,,,,,,
742,,,,,,,,,,,,,,,,,,
743,,,,,,,,,,,,,,,,,,
744,,,,,,,,,,,,,,,,,,
745,,,,,,,,,,,,,,,,,,
746,,,,,,,,,,,,,,,,,,
747,,,,,,,,,,,,,,,,,,
748,,,,,,,,,,,,,,,,,,
749,,,,,,,,,,,,,,,,,,
750,,,,,,,,,,,,,,,,,,
751,,,,,,,,,,,,,,,,,,
752,,,,,,,,,,,,,,,,,,
753,,,,,,,,,,,,,,,,,,
754,,,,,,,,,,,,,,,,,,
755,,,,,,,,,,,,,,,,,,
756,,,,,,,,,,,,,,,,,,
757,,,,,,,,,,,,,,,,,,